lesson_id,so_thu_tu,ten_bai,noi_dung_tom_tat
BM6001_L1,1,Chương 1: Đại cương về kinh tế học,
BM6001_L2,2,Bài 1: Khái quát về kinh tế học,
BM6001_L3,3,Bài 2: Các quy luật kinh tế cơ bản,
BM6001_L4,4,Chương 2: Cung – Cầu,
BM6001_L5,5,Chương 3: Hành vi Người tiêu dùng – Người sản xuất,
BM6001_L6,6,Bài 3: Cầu,
BM6001_L7,7,Bài 4: Cung,
BM6001_L8,8,Chương 4: Một số chỉ tiêu kinh tế vĩ mô cơ bản,
BM6001_L9,9,Bài 5: Cân bằng cung - cầu,
BM6001_L10,10,Bài 6: Sự can thiệp của chính phủ vào thị trường,
BM6001_L11,11,Bài 7: Sở thích tiêu dùng và đường bàng quan.,
BM6001_L12,12,Bài 8: Ràng buộc ngân sách/ Bài Kiểm tra thường xuyên 1,
BM6001_L13,13,Bài 9: Tiêu dùng tối ưu,
BM6001_L14,14,Bài 10: Lý thuyết về sản xuất,
BM6001_L15,15,Bài 11: Lý thuyết về chi phí,
BM6001_L16,16,"Bài 12: Lý thuyết doanh thu, lợi nhuận",
BM6001_L17,17,"Bài 13: Hệ thống, mục tiêu và công cụ kinh tế vĩ mô",
BM6001_L18,18,Bài 14: Các chỉ tiêu đo lường sản lượng quốc gia /Bài Kiểm tra thường xuyên 2,
BM6001_L19,19,"Bài 15: Mối quan hệ giữa tăng trưởng, lạm phát và thất nghiệp",
BM6001_L20,20,Chương 1: Đại cương về kinh tế học,
BM6001_L21,21,Bài 1: Khái quát về kinh tế học,
BM6001_L22,22,Bài 2: Các quy luật kinh tế cơ bản,
BM6001_L23,23,Chương 2: Cung – Cầu,
BM6001_L24,24,Chương 3: Hành vi Người tiêu dùng – Người sản xuất,
BM6001_L25,25,Bài 3: Cầu,
BM6001_L26,26,Bài 4: Cung,
BM6001_L27,27,Chương 4: Một số chỉ tiêu kinh tế vĩ mô cơ bản,
BM6001_L28,28,Bài 5: Cân bằng cung - cầu,
BM6001_L29,29,Bài 6: Sự can thiệp của chính phủ vào thị trường,
BM6001_L30,30,Bài 7: Sở thích tiêu dùng và đường bàng quan.,
BM6001_L31,31,Bài 8: Ràng buộc ngân sách/ Bài Kiểm tra thường xuyên 1,
BM6001_L32,32,Bài 9: Tiêu dùng tối ưu,
BM6001_L33,33,Bài 10: Lý thuyết về sản xuất,
BM6001_L34,34,Bài 11: Lý thuyết về chi phí,
BM6001_L35,35,"Bài 12: Lý thuyết doanh thu, lợi nhuận",
BM6001_L36,36,"Bài 13: Hệ thống, mục tiêu và công cụ kinh tế vĩ mô",
BM6001_L37,37,Bài 14: Các chỉ tiêu đo lường sản lượng quốc gia /Bài Kiểm tra thường xuyên 2,
BM6001_L38,38,"Mối quan hệ giữa tăng trưởng, lạm phát và thất nghiệp",
BM6091_L1,1,Một số vấn đề về dự án,
BM6091_L2,2,Khái quát về dự án,
BM6091_L3,3,Nội dung công tác quản lý dự án,
BM6091_L4,4,Nội dung phân tích dự án,
BM6091_L5,5,Một số vấn đề về Quản lý dự án,
BM6091_L6,6,Mạng công việc,
BM6091_L7,7,Các công cụ kỹ thuật quản lý thời gian và tiến độ dự án,
BM6091_L8,8,Các mô hình quản lý dự án,
BM6091_L9,9,Giám đốc quản lý dự án,
BM6091_L10,10,Phân phối nguồn lực cho dự án,
BM6091_L11,11,Quản lý chi phí dự án,
BM6091_L12,12,Biểu đồ PERT,
BM6091_L13,13,Quản lý chất lượng dự án,
BM6091_L14,14,Biểu đồ GANTT,
BM6091_L15,15,Biểu đồ phụ tải nguồn lực,
BM6091_L16,16,"Khái niệm, tác dụng và đặc điểm của dự toán ngân sách",
BM6091_L17,17,Chất lượng và quản lý chất lượng dự án,
BM6091_L18,18,Nội dung quản lý chất lượng dự án,
BM6091_L19,19,Ôn tập về quản lý dự án,
BM6091_L20,20,Một số vấn đề về dự án,
BM6091_L21,21,Khái quát về dự án,
BM6091_L22,22,Nội dung công tác quản lý dự án,
BM6091_L23,23,Nội dung phân tích dự án,
BM6091_L24,24,Một số vấn đề về Quản lý dự án,
BM6091_L25,25,Mạng công việc,
BM6091_L26,26,Các công cụ kỹ thuật quản lý thời gian và tiến độ dự án,
BM6091_L27,27,Các mô hình quản lý dự án,
BM6091_L28,28,Giám đốc quản lý dự án,
BM6091_L29,29,Phân phối nguồn lực cho dự án,
BM6091_L30,30,Quản lý chi phí dự án,
BM6091_L31,31,Biểu đồ PERT,
BM6091_L32,32,Quản lý chất lượng dự án,
BM6091_L33,33,Biểu đồ GANTT,
BM6091_L34,34,Biểu đồ phụ tải nguồn lực,
BM6091_L35,35,"Khái niệm, tác dụng và đặc điểm của dự toán ngân sách",
BM6091_L36,36,Chất lượng và quản lý chất lượng dự án,
BM6091_L37,37,Nội dung quản lý chất lượng dự án,
BM6091_L38,38,Ôn tập về quản lý dự án,
BS6001_L1,1,Ma trận – Định thức,
BS6001_L2,2,"Ma trận, định thức, hệ phương trình",
BS6001_L3,3,Không gian véc tơ- Ánh xạ tuyến tính,
BS6001_L4,4,Ma trận – Định thức (Tiếp theo),
BS6001_L5,5,Hệ phương trình tuyến tính – Một số bài toán ứng dụng,
BS6001_L6,6,Ma trận nghịch đảo,
BS6001_L7,7,Giá trị riêng- Véc tơ riêng,
BS6001_L8,8,Hệ phương trình tuyến tính – Một số bài toán ứng dụng (Tiếp theo),
BS6001_L9,9,Hạng ma trận,
BS6001_L10,10,Không gian véc tơ,
BS6001_L11,11,Hệ phương trình tuyến tính,
BS6001_L12,12,Không gian véc tơ (Tiếp theo),
BS6001_L13,13,Một số bài toán ứng dụng,
BS6001_L14,14,Ánh xạ tuyến tính – Chéo hóa ma trận,
BS6001_L15,15,Ánh xạ tuyến tính – Chéo hóa ma trận (Tiếp theo),
BS6001_L16,16,"Hệ véc tơ độc lập, phụ thuộc tuyến tính",
BS6001_L17,17,Dạng toàn phương,
BS6001_L18,18,Ánh xạ tuyến tính  Giá trị riêng,
BS6001_L19,19,Véc tơ riêng,
BS6001_L20,20,Chéo hóa ma trận,
BS6001_L21,21,Dạng toàn phương chính tắc,
BS6001_L22,22,"Ma trận, định thức, hệ phương trình",
BS6001_L23,23,Không gian véc tơ- Ánh xạ tuyến tính,
BS6001_L24,24,Ma trận – Định thức (Tiếp theo),
BS6001_L25,25,Hệ phương trình tuyến tính – Một số bài toán ứng dụng,
BS6001_L26,26,Ma trận nghịch đảo,
BS6001_L27,27,Giá trị riêng- Véc tơ riêng,
BS6001_L28,28,Hệ phương trình tuyến tính – Một số bài toán ứng dụng (Tiếp theo),
BS6001_L29,29,Hạng ma trận,
BS6001_L30,30,Không gian véc tơ,
BS6001_L31,31,Hệ phương trình tuyến tính,
BS6001_L32,32,Không gian véc tơ (Tiếp theo),
BS6001_L33,33,Một số bài toán ứng dụng,
BS6001_L34,34,Ánh xạ tuyến tính – Chéo hóa ma trận,
BS6001_L35,35,Ánh xạ tuyến tính – Chéo hóa ma trận (Tiếp theo),
BS6001_L36,36,"Hệ véc tơ độc lập, phụ thuộc tuyến tính",
BS6001_L37,37,Dạng toàn phương,
BS6001_L38,38,Ánh xạ tuyến tính  Giá trị riêng,
BS6001_L39,39,Véc tơ riêng,
BS6001_L40,40,Chéo hóa ma trận,
BS6001_L41,41,Dạng toàn phương chính tắc,
BS6002_L1,1,TỔNG QUAN VỀ PHƯƠNG PHÁP SỐ,
BS6002_L2,2,Đa thức và hàm số,
BS6002_L3,3,Giải gần đúng phương trình,
BS6002_L4,4,Ma trận và hệ phương trình tuyến tính,
BS6002_L5,5,Giá trị riêng và vectơ riêng,
BS6002_L6,6,Nội suy và phương pháp bình phương tối thiểu.,
BS6002_L7,7,Tính gần đúng đạo hàm và tích phân xác định,
BS6018_L1,1,"Bản chất, chức năng, vai trò của giao tiếp",
BS6018_L2,2,Truyền thông trong giao tiếp,
BS6018_L3,3,"Các hình thức, phương tiện giao tiếp",
BS6018_L4,4,Phong cách giao tiếp thường gặp,
BS6018_L5,5,"Giao tiếp trong môi trường đa văn hóa, Bài kiểm tra thường xuyên 1",
BS6018_L6,6,Giao tiếp trong môi trường đa văn hóa,
BS6018_L7,7,Kỹ năng lắng nghe,
BS6018_L8,8,Kỹ năng đặt câu hỏi,
BS6018_L9,9,Kỹ năng xử lý và giải quyết xung đột,
BS6018_L10,10,Kỹ năng viết báo cáo,
BS6018_L11,11,Diễn thuyết trong công việc,
BS6018_L12,12,"Diễn thuyết trong công việc, Bài kiểm tra thường xuyên 2",
BS6018_L13,13,"Bản chất, chức năng, vai trò của giao tiếp",
BS6018_L14,14,Truyền thông trong giao tiếp,
BS6018_L15,15,"Các hình thức, phương tiện giao tiếp",
BS6018_L16,16,Phong cách giao tiếp thường gặp,
BS6018_L17,17,"Giao tiếp trong môi trường đa văn hóa, Bài kiểm tra thường xuyên 1",
BS6018_L18,18,Kỹ năng lắng nghe,
BS6018_L19,19,Kỹ năng đặt câu hỏi,
BS6018_L20,20,Kỹ năng xử lý và giải quyết xung đột,
BS6018_L21,21,Kỹ năng viết báo cáo,
BS6018_L22,22,Diễn thuyết trong công việc,
BS6018_L23,23,"Diễn thuyết trong công việc, Bài kiểm tra thường xuyên 2",
BS6019_L1,1,TỔNG QUAN VỀ NGHIÊN CỨU KHOA HỌC,
BS6019_L2,2,Khái quát chung về nghiên cứu khoa học,
BS6019_L3,3,QUY TRÌNH NGHIÊN CỨU KHOA HỌC,
BS6019_L4,4,SẢN PHẨM NGHIÊN CỨU KHOA HỌC,
BS6019_L5,5,Phương pháp nghiên cứu định tính,
BS6019_L6,6,PHƯƠNG PHÁP NGHIÊN CỨU ĐỊNH LƯỢNG,
BS6019_L7,7,ĐÁNH GIÁ NGHIÊN CỨU KHOA HỌC,
BS6019_L8,8,Viết đề cương nghiên cứu khoa học,
BS6019_L9,9,VIẾT BÁO CÁO NGHIÊN CỨU KHOA HỌC,
BS6019_L10,10,PHƯƠNG PHÁP NGHIÊN CỨU ĐỊNH LƯỢNG (tiếp),
BS6019_L11,11,"XỬ LÝ VÀ PHÂN TÍCH DỮ LIỆU ĐỊNH TÍNH, ĐỊNH LƯỢNG  TRONG NGHIÊN CỨU",
BS6019_L12,12,"XỬ LÝ VÀ PHÂN TÍCH DỮ LIỆU ĐỊNH TÍNH, ĐỊNH LƯỢNG  TRONG NGHIÊN CỨU (tiếp)",
BS6019_L13,13,Thuyết trình kết quả nghiên cứu khoa học,
BS6019_L14,14,HƯỚNG DẪN VIẾT ĐỀ CƯƠNG NGHIÊN CỨU,
BS6019_L15,15,HƯỚNG DẪN VIẾT ĐỀ CƯƠNG NGHIÊN CỨU (tiếp),
BS6019_L16,16,HƯỚNG DẪN VIẾT BÁO CÁO NGHIÊN CỨU KHOA HỌC,
BS6019_L17,17,HƯỚNG DẪN VIẾT BÁO CÁO NGHIÊN CỨU KHOA HỌC (tiếp),
BS6019_L18,18,THUYẾT TRÌNH BÁO CÁO KHOA HỌC,
BS6019_L19,19,THUYẾT TRÌNH BÁO CÁO KHOA HỌC (tiếp),
BS6019_L20,20,TỔNG QUAN VỀ NGHIÊN CỨU KHOA HỌC,
BS6019_L21,21,Khái quát chung về nghiên cứu khoa học,
BS6019_L22,22,QUY TRÌNH NGHIÊN CỨU KHOA HỌC,
BS6019_L23,23,SẢN PHẨM NGHIÊN CỨU KHOA HỌC,
BS6019_L24,24,Phương pháp nghiên cứu định tính,
BS6019_L25,25,PHƯƠNG PHÁP NGHIÊN CỨU ĐỊNH LƯỢNG,
BS6019_L26,26,ĐÁNH GIÁ NGHIÊN CỨU KHOA HỌC,
BS6019_L27,27,Viết đề cương nghiên cứu khoa học,
BS6019_L28,28,VIẾT BÁO CÁO NGHIÊN CỨU KHOA HỌC,
BS6019_L29,29,PHƯƠNG PHÁP NGHIÊN CỨU ĐỊNH LƯỢNG (tiếp),
BS6019_L30,30,"XỬ LÝ VÀ PHÂN TÍCH DỮ LIỆU ĐỊNH TÍNH, ĐỊNH LƯỢNG  TRONG NGHIÊN CỨU",
BS6019_L31,31,"XỬ LÝ VÀ PHÂN TÍCH DỮ LIỆU ĐỊNH TÍNH, ĐỊNH LƯỢNG  TRONG NGHIÊN CỨU (tiếp)",
BS6019_L32,32,Thuyết trình kết quả nghiên cứu khoa học,
BS6019_L33,33,HƯỚNG DẪN VIẾT ĐỀ CƯƠNG NGHIÊN CỨU,
BS6019_L34,34,HƯỚNG DẪN VIẾT ĐỀ CƯƠNG NGHIÊN CỨU (tiếp),
BS6019_L35,35,HƯỚNG DẪN VIẾT BÁO CÁO NGHIÊN CỨU KHOA HỌC,
BS6019_L36,36,HƯỚNG DẪN VIẾT BÁO CÁO NGHIÊN CỨU KHOA HỌC (tiếp),
BS6019_L37,37,THUYẾT TRÌNH BÁO CÁO KHOA HỌC,
BS6019_L38,38,THUYẾT TRÌNH BÁO CÁO KHOA HỌC (tiếp),
BS6020_L1,1,Bản chất và các thuộc tính của quan hệ lao động,
BS6020_L2,2,CÁC NHÂN TỐ ẢNH HƯỞNG ĐẾN QUAN HỆ LAO ĐỘNG VÀ  CÁC NGUYÊN TẮC TRONG QUAN HỆ LAO ĐỘNG,
BS6020_L3,3,"Nội dung, các hình thức biểu hiện và phân loại quan hệ lao động",
BS6020_L4,4,Các chủ thể trong quan hệ lao động,
BS6020_L5,5,CÁC CƠ CHẾ QUAN HỆ LAO ĐỘNG,
BS6020_L6,6,Các cơ chế quan hệ lao động + Bài kiểm tra thường xuyên 1,
BS6020_L7,7,Các cơ chế quan hệ lao động Bài kiểm tra thường xuyên 1,
BS6020_L8,8,Hợp đồng lao động,
BS6020_L9,9,ĐỐI THOẠI XÃ HỘI VÀ THƯƠNG LƯỢNG LAO ĐỘNG TẬP THỂ,
BS6020_L10,10,Hợp đồng lao động (tiếp),
BS6020_L11,11,Việc làm và giải quyết việc làm cho người lao động + Bài kiểm tra thường xuyên 2,
BS6020_L12,12,VIỆC LÀM VÀ GIẢI QUYẾT VIỆC LÀM CHO NGƯỜI LAO ĐỘNG,
BS6020_L13,13,PHỎNG VẤN XIN VIỆC LÀM,
BS6020_L14,14,Đối thoại xã hội và thương lượng lao động tập thể (tiếp),
BS6020_L15,15,Quan hệ lao động tại một số nước trên thế giới,
BS6020_L16,16,Quan hệ lao động tại một số nước trên thế giới (tiếp),
BS6020_L17,17,Việc làm và giải quyết việc làm cho người lao động (tiếp),
BS6020_L18,18,Quy trình phỏng vấn xin việc làm,
BS6020_L19,19,Quy trình phỏng vấn xin việc làm (tiếp),
BS6020_L20,20,Bản chất và các thuộc tính của quan hệ lao động,
BS6020_L21,21,CÁC NHÂN TỐ ẢNH HƯỞNG ĐẾN QUAN HỆ LAO ĐỘNG VÀ CÁC NGUYÊN TẮC TRONG QUAN HỆ LAO ĐỘNG,
BS6020_L22,22,"Nội dung, các hình thức biểu hiện và phân loại quan hệ lao động",
BS6020_L23,23,Các chủ thể trong quan hệ lao động,
BS6020_L24,24,CÁC CƠ CHẾ QUAN HỆ LAO ĐỘNG,
BS6020_L25,25,Các cơ chế quan hệ lao động + Bài kiểm tra thường xuyên 1,
BS6020_L26,26,Các cơ chế quan hệ lao động Bài kiểm tra thường xuyên 1,
BS6020_L27,27,Hợp đồng lao động,
BS6020_L28,28,ĐỐI THOẠI XÃ HỘI VÀ THƯƠNG LƯỢNG LAO ĐỘNG TẬP THỂ,
BS6020_L29,29,Hợp đồng lao động (tiếp),
BS6020_L30,30,Việc làm và giải quyết việc làm cho người lao động + Bài kiểm tra thường xuyên 2,
BS6020_L31,31,PHỎNG VẤN XIN VIỆC LÀM,
BS6020_L32,32,Đối thoại xã hội và thương lượng lao động tập thể (tiếp),
BS6020_L33,33,Quan hệ lao động tại một số nước trên thế giới,
BS6020_L34,34,Quan hệ lao động tại một số nước trên thế giới (tiếp),
BS6020_L35,35,Việc làm và giải quyết việc làm cho người lao động,
BS6020_L36,36,Việc làm và giải quyết việc làm cho người lao động (tiếp),
BS6020_L37,37,Quy trình phỏng vấn xin việc làm,
BS6020_L38,38,Quy trình phỏng vấn xin việc làm (tiếp),
BS6021_L1,1,Khái quát chung về môi trường,
BS6021_L2,2,Môi trường tự nhiên và con người,
BS6021_L3,3,Con người và hệ sinh thái,
BS6021_L4,4,Tài nguyên đất và nước,
BS6021_L5,5,Tài nguyên nước và đất,
BS6021_L6,6,Tài nguyên năng lượng và khoáng sản,
BS6021_L7,7,Tài nguyên khoáng sản và năng lượng,
BS6021_L8,8,Tài nguyên rừng và sinh vật hoang dã,
BS6021_L9,9,Vấn đề lương thực và hoạt động nhằm thỏa mãn nhu cầu của con người,
BS6021_L10,10,Chất thải và ô nhiễm môi trường,
BS6021_L11,11,NHỮNG THÁCH THỨC CỦA THỜI ĐẠI NGÀY NAY VỚI  MÔI TRƯỜNG,
BS6021_L12,12,NHỮNG THÁCH THỨC CỦA THỜI ĐẠI NGÀY NAY VỚI  MÔI TRƯỜNG (tiếp),
BS6021_L13,13,"Công nghiệp hóa, đô thị hóa và môi trường",
BS6021_L14,14,Cách tiếp cận bảo vệ môi trường và phát triển bền vững,
BS6021_L15,15,Ô NHIỄM MÔI TRƯỜNG ĐẤT,
BS6021_L16,16,Ô NHIỄM MÔI TRƯỜNG ĐẤT (tiếp),
BS6021_L17,17,"Ô NHIỄM MÔI TRƯỜNG NƯỚC, KHÔNG KHÍ",
BS6021_L18,18,HIỆN TRẠNG Ô NHIỄM MÔI TRƯỜNG Ở VIỆT NAM,
BS6021_L19,19,BẢO VỆ MÔI TRƯỜNG,
BS6021_L20,20,Khái quát chung về môi trường,
BS6021_L21,21,Môi trường tự nhiên và con người,
BS6021_L22,22,Con người và hệ sinh thái,
BS6021_L23,23,Tài nguyên đất và nước,
BS6021_L24,24,Tài nguyên nước và đất,
BS6021_L25,25,Tài nguyên năng lượng và khoáng sản,
BS6021_L26,26,Tài nguyên khoáng sản và năng lượng,
BS6021_L27,27,Tài nguyên rừng và sinh vật hoang dã,
BS6021_L28,28,Vấn đề lương thực và hoạt động nhằm thỏa mãn nhu cầu của con người,
BS6021_L29,29,Chất thải và ô nhiễm môi trường,
BS6021_L30,30,NHỮNG THÁCH THỨC CỦA THỜI ĐẠI NGÀY NAY VỚI MÔI TRƯỜNG,
BS6021_L31,31,NHỮNG THÁCH THỨC CỦA THỜI ĐẠI NGÀY NAY VỚI MÔI TRƯỜNG (tiếp),
BS6021_L32,32,"Công nghiệp hóa, đô thị hóa và môi trường",
BS6021_L33,33,Cách tiếp cận bảo vệ môi trường và phát triển bền vững,
BS6021_L34,34,Ô NHIỄM MÔI TRƯỜNG ĐẤT,
BS6021_L35,35,Ô NHIỄM MÔI TRƯỜNG ĐẤT (tiếp),
BS6021_L36,36,"Ô NHIỄM MÔI TRƯỜNG NƯỚC, KHÔNG KHÍ",
BS6021_L37,37,HIỆN TRẠNG Ô NHIỄM MÔI TRƯỜNG Ở VIỆT NAM,
BS6021_L38,38,BẢO VỆ MÔI TRƯỜNG,
BS6038_L1,1,GIỚI HẠN VÀ TÍNH LIÊN TỤC CỦA HÀM MỘT BIẾN,
BS6038_L2,2,ĐẠO HÀM VÀ CÁC QUY TẮC ĐẠO HÀM,
BS6038_L3,3,MỘT SỐ ỨNG DỤNG CỦA ĐẠO HÀM MỘT BIẾN,
BS6038_L4,4,KHÁI NIỆM VÀ MỘT SỐ TÍNH CHẤT CỦA TÍCH PHÂN,
BS6038_L5,5,PHƯƠNG PHÁP TÍNH TÍCH PHÂN VÀ TÍCH PHÂN SUY RỘNG,
BS6038_L6,6,ĐẠO HÀM VÀ VI PHÂN CỦA HÀM NHIỀU BIẾN,
BS6038_L7,7,CỰC TRỊ CỦA HÀM NHIỀU BIẾN,
BS6038_L8,8,KHÁI NIỆM VÀ MỘT SỐ TÍNH CHẤT CỦA TÍCH PHÂN KÉP,
BS6038_L9,9,TÍNH TÍCH PHÂN KÉP TRONG HỆ TỌA ĐỘ DESCARTES,
BS6038_L10,10,MỘT SỐ ỨNG DỤNG CỦA TÍCH PHÂN KÉP,
BS6038_L11,11,ĐỔI BIẾN TRONG TÍCH PHÂN KÉP,
BS6038_L12,12,TÍCH PHÂN ĐƯỜNG,
BS6038_L13,13,TÍCH PHÂN ĐƯỜNG (TIẾP THEO),
BS6038_L14,14,GIỚI HẠN VÀ TÍNH LIÊN TỤC CỦA HÀM MỘT BIẾN,
BS6038_L15,15,ĐẠO HÀM VÀ CÁC QUY TẮC ĐẠO HÀM,
BS6038_L16,16,MỘT SỐ ỨNG DỤNG CỦA ĐẠO HÀM MỘT BIẾN,
BS6038_L17,17,KHÁI NIỆM VÀ MỘT SỐ TÍNH CHẤT CỦA TÍCH PHÂN,
BS6038_L18,18,PHƯƠNG PHÁP TÍNH TÍCH PHÂN VÀ TÍCH PHÂN SUY RỘNG,
BS6038_L19,19,ĐẠO HÀM VÀ VI PHÂN CỦA HÀM NHIỀU BIẾN,
BS6038_L20,20,CỰC TRỊ CỦA HÀM NHIỀU BIẾN,
BS6038_L21,21,KHÁI NIỆM VÀ MỘT SỐ TÍNH CHẤT CỦA TÍCH PHÂN KÉP,
BS6038_L22,22,TÍNH TÍCH PHÂN KÉP TRONG HỆ TỌA ĐỘ DESCARTES,
BS6038_L23,23,MỘT SỐ ỨNG DỤNG CỦA TÍCH PHÂN KÉP,
BS6038_L24,24,ĐỔI BIẾN TRONG TÍCH PHÂN KÉP,
BS6038_L25,25,TÍCH PHÂN ĐƯỜNG,
BS6038_L26,26,TÍCH PHÂN ĐƯỜNG (TIẾP THEO),
BS6042_L1,1,Đại lượng ngẫu nhiên và hàm phân phối xác suất.,
BS6042_L2,2,Đại lượng ngẫu nhiên và hàm phân phối xác suất (tiếp).,
BS6042_L3,3,Đặc trưng của đại lượng ngẫu nhiên và một số phân phối xác suất thường gặp.,
BS6042_L4,4,Đặc trưng của đại lượng ngẫu nhiên và một số phân phối xác suất thường gặp (tiếp).,
BS6042_L5,5,Hàm của các đại lượng ngẫu nhiên,
BS6042_L6,6,Hàm của các đại lượng ngẫu nhiên (tiếp),
BS6042_L7,7,Véc tơ ngẫu nhiên hai chiều,
BS6042_L8,8,Véc tơ ngẫu nhiên hai chiều (tiếp),
BS6042_L9,9,Bài toán ước lượng tham số,
BS6042_L10,10,Bài toán ước lượng tham số (tiếp),
BS6042_L11,11,Bài toán kiểm định giả thiết thống kê,
BS6042_L12,12,Đại lượng ngẫu nhiên và hàm phân phối xác suất.,
BS6042_L13,13,Đại lượng ngẫu nhiên và hàm phân phối xác suất (tiếp).,
BS6042_L14,14,Đặc trưng của đại lượng ngẫu nhiên và một số phân phối xác suất thường gặp.,
BS6042_L15,15,Đặc trưng của đại lượng ngẫu nhiên và một số phân phối xác suất thường gặp (tiếp).,
BS6042_L16,16,Hàm của các đại lượng ngẫu nhiên,
BS6042_L17,17,Hàm của các đại lượng ngẫu nhiên (tiếp),
BS6042_L18,18,Véc tơ ngẫu nhiên hai chiều,
BS6042_L19,19,Véc tơ ngẫu nhiên hai chiều (tiếp),
BS6042_L20,20,Bài toán ước lượng tham số,
BS6042_L21,21,Bài toán ước lượng tham số (tiếp),
BS6042_L22,22,Bài toán kiểm định giả thiết thống kê,
BS6050_L1,1,Tổng quan về âm nhạc,
BS6050_L2,2,"Khái quát lịch sử âm nhạc thế giới, âm nhạc Việt Nam",
BS6050_L3,3,Các thể loại âm nhạc,
BS6050_L4,4,Hướng dẫn cách đọc bản nhạc,
BS6050_L5,5,"Tiết tấu, Nhịp - Phách",
BS6050_L6,6,Các hình tiết tấu cơ bản,
BS6050_L7,7,Một số tiết tấu thường gặp trong các loại nhịp có phách phân đôi,
BS6050_L8,8,Quãng - Hợp âm,
BS6050_L9,9,Giới thiệu nhạc cụ Piano,
BS6050_L10,10,Hướng dẫn chơi nhạc trên đàn Piano,
BS6050_L11,11,Tổng quan về âm nhạc,
BS6050_L12,12,"Khái quát lịch sử âm nhạc thế giới, âm nhạc Việt Nam",
BS6050_L13,13,Các thể loại âm nhạc,
BS6050_L14,14,Hướng dẫn cách đọc bản nhạc,
BS6050_L15,15,"Tiết tấu, Nhịp - Phách",
BS6050_L16,16,Các hình tiết tấu cơ bản,
BS6050_L17,17,Một số tiết tấu thường gặp trong các loại nhịp có phách phân đôi,
BS6050_L18,18,Quãng - Hợp âm,
BS6050_L19,19,Giới thiệu nhạc cụ Piano,
BS6050_L20,20,Hướng dẫn chơi nhạc trên đàn Piano,
BS6051_L1,1,Tổng quan về nghệ thuật,
BS6051_L2,2,Chức năng của nghệ thuật trong đời sống xã hội,
BS6051_L3,3,Hình tượng và những đặc trưng của nghệ thuật,
BS6051_L4,4,Nội dung và hình thức trong nghệ thuật,
BS6051_L5,5,Cơ sở phân chia các loại hình nghệ thuật,
BS6051_L6,6,"Loại hình nghệ thuật Kiến trúc, Điêu khắc, Hội hoạ",
BS6051_L7,7,"Loại hình nghệ thuật Trang trí, Múa, Sân khấu",
BS6051_L8,8,"Loại hình nghệ thuật Điện ảnh, Văn học, Âm nhạc",
BS6051_L9,9,Thưởng thức nghệ thuật,
BS6051_L10,10,Một số hình thức của giáo dục thẩm mỹ,
BS6051_L11,11,Tổng quan về nghệ thuật,
BS6051_L12,12,Chức năng của nghệ thuật trong đời sống xã hội,
BS6051_L13,13,Hình tượng và những đặc trưng của nghệ thuật,
BS6051_L14,14,Nội dung và hình thức trong nghệ thuật,
BS6051_L15,15,Cơ sở phân chia các loại hình nghệ thuật,
BS6051_L16,16,"Loại hình nghệ thuật Kiến trúc, Điêu khắc, Hội hoạ",
BS6051_L17,17,"Loại hình nghệ thuật Trang trí, Múa, Sân khấu",
BS6051_L18,18,"Loại hình nghệ thuật Điện ảnh, Văn học, Âm nhạc",
BS6051_L19,19,Thưởng thức nghệ thuật,
BS6051_L20,20,Một số hình thức của giáo dục thẩm mỹ,
BS6052_L1,1,"Khái niệm, nguồn gốc và vai trò của mỹ thuật",
BS6052_L2,2,Khái quát lịch sử mỹ thuật Việt Nam và thế giới,
BS6052_L3,3,Ngôn ngữ hội họa và các thể loại hội họa,
BS6052_L4,4,Ngôn ngữ điêu khắc và các thể loại điêu khắc,
BS6052_L5,5,Ngôn ngữ đồ họa và các thể loại đồ họa,
BS6052_L6,6,Vai trò và ý nghĩa của hình thức các sản phẩm mỹ thuật công nghiệp đối với sản xuất và đời sống,
BS6052_L7,7,Xu hướng trong thiết kế tạo dáng và thẩm mỹ cho sản phẩm công nghiệp,
BS6052_L8,8,Nguyên tắc của việc thiết kế tạo dáng và thẩm mỹ cho sản phẩm công nghiệp,
BS6052_L9,9,Ứng dụng hiệu ứng thị giác trong thiết kế sản phẩm công nghiệp,
BS6052_L10,10,Ứng dụng của đồ họa trong việc thiết kế các sản phẩm công nghiệp,
BS6052_L11,11,"Khái niệm, nguồn gốc và vai trò của mỹ thuật",
BS6052_L12,12,Khái quát lịch sử mỹ thuật Việt Nam và thế giới,
BS6052_L13,13,Ngôn ngữ hội họa và các thể loại hội họa,
BS6052_L14,14,Ngôn ngữ điêu khắc và các thể loại điêu khắc,
BS6052_L15,15,Ngôn ngữ đồ họa và các thể loại đồ họa,
BS6052_L16,16,Vai trò và ý nghĩa của hình thức các sản phẩm mỹ thuật công nghiệp đối với sản xuất và đời sống,
BS6052_L17,17,Xu hướng trong thiết kế tạo dáng và thẩm mỹ cho sản phẩm công nghiệp,
BS6052_L18,18,Nguyên tắc của việc thiết kế tạo dáng và thẩm mỹ cho sản phẩm công nghiệp,
BS6052_L19,19,Ứng dụng hiệu ứng thị giác trong thiết kế sản phẩm công nghiệp,
BS6052_L20,20,Ứng dụng của đồ họa trong việc thiết kế các sản phẩm công nghiệp,
BS6054_L1,1,Cơ học chất điểm và hệ chất điểm,
BS6054_L2,2,BÀI THÍ NGHIỆM VẬT LÝ ĐẠI CƯƠNG – XỬ LÝ SỐ LIỆU ĐO TRONG THÍ NGHIỆM VẬT LÝ. SỬ DỤNG CÁC DỤNG CỤ ĐO ĐỘ DÀI,
BS6054_L3,3,CƠ HỌC VẬT RẮN,
BS6054_L4,4,BÀI THÍ NGHIỆM VẬT LÝ ĐẠI CƯƠNG – KHẢO SÁT CÁC ĐỊNH LUẬT ĐỘNG LỰC HỌC TRÊN MÁY ATWOOD. XÁC ĐỊNH MÔMEN QUÁN TÍNH CỦA BÁNH XE VÀ LỰC MA SÁT TRONG Ổ TRỤC QUAY,
BS6054_L5,5,TRƯỜNG TĨNH ĐIỆN. TỤ ĐIỆN,
BS6054_L6,6,BÀI THÍ NGHIỆM VẬT LÝ ĐẠI CƯƠNG – XÁC ĐỊNH GIA TỐC TRỌNG TRƯỜNG BẰNG CON LẮC VẬT LÝ. SỬ DỤNG CÁC DỤNG CỤ ĐO ĐIỆN,
BS6054_L7,7,DÒNG ĐIỆN KHÔNG ĐỔI. TỪ TRƯỜNG CỦA DÒNG ĐIỆN KHÔNG ĐỔI,
BS6054_L8,8,BÀI THÍ NGHIỆM VẬT LÝ ĐẠI CƯƠNG – ĐO ĐIỆN TRỞ BẰNG MẠCH CẦU WHEASTONE. KHẢO SÁT ĐẶC TÍNH CỦA DIODE VÀ TRANSISTOR,
BS6054_L9,9,CẢM ỨNG ĐIỆN TỪ. TRƯỜNG ĐIỆN TỪ,
BS6054_L10,10,BÀI THÍ NGHIỆM VẬT LÝ ĐẠI CƯƠNG – NGHIÊN CỨU TỪ TRƯỜNG CỦA MỘT ỐNG DÂY THẲNG DÀI. THUYẾT TRÌNH THEO CHỦ ĐỀ,
BS6054_L11,11,Cơ học chất điểm và hệ chất điểm,
BS6054_L12,12,BÀI THÍ NGHIỆM VẬT LÝ ĐẠI CƯƠNG – XỬ LÝ SỐ LIỆU ĐO TRONG THÍ NGHIỆM VẬT LÝ. SỬ DỤNG CÁC DỤNG CỤ ĐO ĐỘ DÀI,
BS6054_L13,13,CƠ HỌC VẬT RẮN,
BS6054_L14,14,BÀI THÍ NGHIỆM VẬT LÝ ĐẠI CƯƠNG – KHẢO SÁT CÁC ĐỊNH LUẬT ĐỘNG LỰC HỌC TRÊN MÁY ATWOOD. XÁC ĐỊNH MÔMEN QUÁN TÍNH CỦA BÁNH XE VÀ LỰC MA SÁT TRONG Ổ TRỤC QUAY,
BS6054_L15,15,TRƯỜNG TĨNH ĐIỆN. TỤ ĐIỆN,
BS6054_L16,16,BÀI THÍ NGHIỆM VẬT LÝ ĐẠI CƯƠNG – XÁC ĐỊNH GIA TỐC TRỌNG TRƯỜNG BẰNG CON LẮC VẬT LÝ. SỬ DỤNG CÁC DỤNG CỤ ĐO ĐIỆN,
BS6054_L17,17,DÒNG ĐIỆN KHÔNG ĐỔI. TỪ TRƯỜNG CỦA DÒNG ĐIỆN KHÔNG ĐỔI,
BS6054_L18,18,BÀI THÍ NGHIỆM VẬT LÝ ĐẠI CƯƠNG – ĐO ĐIỆN TRỞ BẰNG MẠCH CẦU WHEASTONE. KHẢO SÁT ĐẶC TÍNH CỦA DIODE VÀ TRANSISTOR,
BS6054_L19,19,CẢM ỨNG ĐIỆN TỪ. TRƯỜNG ĐIỆN TỪ,
BS6054_L20,20,BÀI THÍ NGHIỆM VẬT LÝ ĐẠI CƯƠNG – NGHIÊN CỨU TỪ TRƯỜNG CỦA MỘT ỐNG DÂY THẲNG DÀI. THUYẾT TRÌNH THEO CHỦ ĐỀ,
IT6202_L1,1,Tổng quan về Kiến trúc máy tính,
IT6202_L2,2,Kiến trúc tập lệnh,
IT6202_L3,3,Đường truyền và hệ thống vào/ra,
IT6202_L4,4,Kiến trúc hệ thống nhớ,
IT6202_L5,5,kỹ thuật đường ống và công nghệ RISC,
IT6202_L6,6,Tổng quan về Hệ điều hành,
IT6202_L7,7,Quản lý tiến trình,
IT6202_L8,8,Lập lịch cho CPU,
IT6202_L9,9,Hiện tượng bế tắc,
IT6202_L10,10,Quản lý bộ nhớ chính,
IT6202_L11,11,Quản lý bộ nhớ ngoài,
IT6202_L12,12,Quản lý thiết bị nhập/xuất và bảo vệ hệ thống,
IT6203_L1,1,Tổng quan về Hệ điều hành,
IT6203_L2,2,Quản lý tiến trình,
IT6203_L3,3,Lập lịch cho CPU,
IT6203_L4,4,Hiện tượng bế tắc,
IT6203_L5,5,Quản lý bộ nhớ chính,
IT6203_L6,6,Quản lý bộ nhớ ngoài,
IT6203_L7,7,Quản lý thiết bị nhập/xuất và bảo vệ hệ thống,
IT6203_L8,8,Tổng quan về Hệ điều hành,
IT6203_L9,9,Quản lý tiến trình,
IT6203_L10,10,Lập lịch cho CPU,
IT6203_L11,11,Hiện tượng bế tắc,
IT6203_L12,12,Quản lý bộ nhớ chính,
IT6203_L13,13,Quản lý bộ nhớ ngoài,
IT6203_L14,14,Quản lý thiết bị nhập/xuất và bảo vệ hệ thống,
IT6204_L1,1,Tổng quan về phân tích và thiết kế hệ thống phần mềm.,
IT6204_L2,2,Xác định yêu cầu hệ thống.,
IT6204_L3,3,Phân tích chức năng hệ thống bằng biểu đồ use case,
IT6204_L4,4,Phân tích nghiệp vụ hệ thống bằng biểu đồ hoạt động,
IT6204_L5,5,Phân tích cấu trúc hệ thống bằng biểu đồ lớp,
IT6204_L6,6,Phân tích tương tác giữa các đối tượng bằng biểu đồ trình tự,
IT6204_L7,7,Phân tích trạng thái của các đối tượng bằng biểu đồ trạng thái,
IT6204_L8,8,Thiết kế lớp và dữ liệu,
IT6204_L9,9,Thiết kế giao diện người dùng,
IT6204_L10,10,Bài tập tổng hợp,
IT6204_L11,11,Bài học,
IT6204_L12,12,Tổng quan về phân tích và thiết kế hệ thống phần mềm.,
IT6204_L13,13,Xác định yêu cầu hệ thống.,
IT6204_L14,14,Phân tích chức năng hệ thống bằng biểu đồ use case,
IT6204_L15,15,Phân tích nghiệp vụ hệ thống bằng biểu đồ hoạt động,
IT6204_L16,16,Phân tích cấu trúc hệ thống bằng biểu đồ lớp,
IT6204_L17,17,Phân tích tương tác giữa các đối tượng bằng biểu đồ trình tự,
IT6204_L18,18,Phân tích trạng thái của các đối tượng bằng biểu đồ trạng thái,
IT6204_L19,19,Thiết kế lớp và dữ liệu,
IT6204_L20,20,Thiết kế giao diện người dùng,
IT6204_L21,21,Bài tập tổng hợp,
IT6205_L1,1,Nhận nhiệm vụ thực tập,
IT6205_L2,2,Lập kế hoạch và khảo sát,
IT6205_L3,3,Thực hiện nhiệm vụ,
IT6205_L4,4,Viết báo cáo,
IT6205_L5,5,Nhận nhiệm vụ thực tập,
IT6205_L6,6,Lập kế hoạch và khảo sát,
IT6205_L7,7,Thực hiện nhiệm vụ,
IT6205_L8,8,Viết báo cáo,
IT6206_L1,1,Nhận nhiệm vụ,
IT6206_L2,2,Khảo sát hệ thống,
IT6206_L3,3,Thiết kế hệ thống,
IT6206_L4,4,Triển khai hệ thống,
IT6206_L5,5,Đánh giá sản phẩm,
IT6206_L6,6,Chuẩn bị bảo vệ đồ án,
IT6206_L7,7,Nhận nhiệm vụ,
IT6206_L8,8,Khảo sát hệ thống,
IT6206_L9,9,Thiết kế hệ thống,
IT6206_L10,10,Triển khai hệ thống,
IT6206_L11,11,Đánh giá sản phẩm,
IT6206_L12,12,Chuẩn bị bảo vệ đồ án,
IT6207_L1,1,Làm quen với môi trường thực tập và tiếp nhận nhiệm vụ,
IT6207_L2,2,Khảo sát hệ thống và nghiên cứu các tài liệu kỹ thuật,
IT6207_L3,3,Thực hiện nhiệm vụ được giao,
IT6207_L4,4,Thực hiện nhiệm vụ được giao (tiếp),
IT6207_L5,5,Viết báo cáo thực tập,
IT6207_L6,6,Làm quen với môi trường thực tập và tiếp nhận nhiệm vụ,
IT6207_L7,7,Khảo sát hệ thống và nghiên cứu các tài liệu kỹ thuật,
IT6207_L8,8,Thực hiện nhiệm vụ được giao,
IT6207_L9,9,Thực hiện nhiệm vụ được giao (tiếp),
IT6207_L10,10,Viết báo cáo thực tập,
IT6208_L1,1,Tiếp nhận nhiệm vụ,
IT6208_L2,2,Khảo sát hệ thống và nghiên cứu các tài liệu kỹ thuật,
IT6208_L3,3,Thiết kế giải pháp,
IT6208_L4,4,Triển khai các giải pháp,
IT6208_L5,5,Đánh giá kết quả giải pháp,
IT6208_L6,6,Hoàn thiện báo cáo đồ án tốt nghiệp,
IT6208_L7,7,Điểm hướng dẫn,
IT6208_L8,8,Điểm phần biện,
IT6208_L9,9,Điểm hội đồng,
IT6208_L10,10,Tiếp nhận nhiệm vụ,
IT6208_L11,11,Khảo sát hệ thống và nghiên cứu các tài liệu kỹ thuật,
IT6208_L12,12,Thiết kế giải pháp,
IT6208_L13,13,Triển khai các giải pháp,
IT6208_L14,14,Đánh giá kết quả giải pháp,
IT6208_L15,15,Hoàn thiện báo cáo đồ án tốt nghiệp,
IT6208_L16,16,Điểm hướng dẫn,
IT6208_L17,17,Điểm phần biện,
IT6208_L18,18,Điểm hội đồng,
IT6217_L1,1,MÁY TÍNH VÀ CÁCH MẠNG CÔNG NGHIỆP,
IT6217_L2,2,Ngành học và khung chương trình,
IT6217_L3,3,Lập trình và nghề lập trình,
IT6217_L4,4,Phần cứng - phần mềm,
IT6217_L5,5,Biểu diễn thông tin trong máy tính,
IT6217_L6,6,Phương pháp học tập hiệu quả,
IT6217_L7,7,Kỹ năng viết tài liệu và thuyết trình,
IT6217_L8,8,Trách nhiệm nghề nghiệp,
IT6217_L9,9,Kỹ năng làm việc nhóm,
IT6217_L10,10,Bài tập lớn,
IT6217_L11,11,MÁY TÍNH VÀ CÁCH MẠNG CÔNG NGHIỆP,
IT6217_L12,12,Ngành học và khung chương trình,
IT6217_L13,13,Lập trình và nghề lập trình,
IT6217_L14,14,Phần cứng - phần mềm,
IT6217_L15,15,Biểu diễn thông tin trong máy tính,
IT6217_L16,16,Phương pháp học tập hiệu quả,
IT6217_L17,17,Kỹ năng viết tài liệu và thuyết trình,
IT6217_L18,18,Trách nhiệm nghề nghiệp,
IT6217_L19,19,Kỹ năng làm việc nhóm,
IT6217_L20,20,Bài tập lớn,
IT6218_L1,1,Tổng quan về Hệ quản trị CSDL và xây dựng CSDL trên hệ quản trị CSDL SQL Server,
IT6218_L2,2,Xây dựng CSDL trên hệ quản trị SQL Server,
IT6218_L3,3,Lập trình Khung nhìn và Hàm trong SQL Server,
IT6218_L4,4,Lập trình Khung nhìn và Hàm trong SQL Server- Kiểm tra TX1,
IT6218_L5,5,Lập trình Thủ tục và Trigger trong SQL Server,
IT6218_L6,6,Lập trình thủ tục trong SQL Server,
IT6218_L7,7,Lập trình Trigger trong SQL Server,
IT6218_L8,8,"Bảo mật và Sao lưu, phục hồi dữ liệu trong SQL Server",
IT6218_L9,9,"Bảo mật và Sao lưu, phục hồi dữ liệu trong SQL Server - Kiểm tra TX2",
IT6218_L10,10,Tổng quan về Hệ quản trị CSDL và xây dựng CSDL trên hệ quản trị CSDL SQL Server,
IT6218_L11,11,Xây dựng CSDL trên hệ quản trị SQL Server,
IT6218_L12,12,Lập trình Khung nhìn và Hàm trong SQL Server,
IT6218_L13,13,Lập trình Khung nhìn và Hàm trong SQL Server- Kiểm tra TX1,
IT6218_L14,14,Lập trình Thủ tục và Trigger trong SQL Server,
IT6218_L15,15,Lập trình thủ tục trong SQL Server,
IT6218_L16,16,Lập trình Trigger trong SQL Server,
IT6218_L17,17,"Bảo mật và Sao lưu, phục hồi dữ liệu trong SQL Server",
IT6218_L18,18,"Bảo mật và Sao lưu, phục hồi dữ liệu trong SQL Server - Kiểm tra TX2",
LP6010_L1,1,Khái luận về triết học và Triết học Mác - Lênin,
LP6010_L2,2,Triết học vài vai trò của Triết học trong đời sống xã hội,
LP6010_L3,3,Chủ nghĩa duy vật biện chứng,
LP6010_L4,4,Vật chất và ý thức,
LP6010_L5,5,Hai nguyên lý cơ bản của phép biện chứng duy vật,
LP6010_L6,6,Chủ nghĩa duy vật lịch sử,
LP6010_L7,7,Các cặp phạm trù cơ bản của phép biện chứng duy vật,
LP6010_L8,8,Những quy luật cơ bản của phép biện chứng duy vật,
LP6010_L9,9,Lý luận nhận thức,
LP6010_L10,10,Học thuyết hình thái kinh tế - xã hội,
LP6010_L11,11,Học thuyết hình thái kinh tế - xã hội (tiếp),
LP6010_L12,12,Giai cấp và dân tộc,
LP6010_L13,13,Nhà nước và cách mạng xã hội,
LP6010_L14,14,Ý thức xã hội,
LP6010_L15,15,Triết học về con người,
LP6010_L16,16,Khái luận về triết học và Triết học Mác - Lênin,
LP6010_L17,17,Triết học vài vai trò của Triết học trong đời sống xã hội,
LP6010_L18,18,Chủ nghĩa duy vật biện chứng,
LP6010_L19,19,Vật chất và ý thức,
LP6010_L20,20,Hai nguyên lý cơ bản của phép biện chứng duy vật,
LP6010_L21,21,Chủ nghĩa duy vật lịch sử,
LP6010_L22,22,Các cặp phạm trù cơ bản của phép biện chứng duy vật,
LP6010_L23,23,Những quy luật cơ bản của phép biện chứng duy vật,
LP6010_L24,24,Lý luận nhận thức,
LP6010_L25,25,Học thuyết hình thái kinh tế - xã hội,
LP6010_L26,26,Học thuyết hình thái kinh tế - xã hội (tiếp),
LP6010_L27,27,Giai cấp và dân tộc,
LP6010_L28,28,Nhà nước và cách mạng xã hội,
LP6010_L29,29,Ý thức xã hội,
LP6010_L30,30,Triết học về con người,
LP6021_L1,1,Những vấn đề cơ bản về nhà nước và nhà nước Cộng hòa xã hội chủ nghĩa Việt Nam,
LP6021_L2,2,Những vấn đề cơ bản về Nhà nước và Nhà nước CHXHCN Việt Nam,
LP6021_L3,3,Những vấn đề cơ bản về pháp luật,
LP6021_L4,4,Quy phạm pháp luật và thực hiện pháp luật,
LP6021_L5,5,Hệ thống pháp luật Việt Nam,
LP6021_L6,6,Luật Dân sự,
LP6021_L7,7,Quan hệ pháp luật,
LP6021_L8,8,Vi phạm pháp luật và trách nhiệm pháp lý,
LP6021_L9,9,Những vấn đề cơ bản về quyền con người,
LP6021_L10,10,"Luật Phòng, chống tham nhũng",
LP6021_L11,11,Hình thức pháp luật Việt Nam,
LP6021_L12,12,Những vấn đề cơ bản về nhà nước và nhà nước Cộng hòa xã hội chủ nghĩa Việt Nam,
LP6021_L13,13,Những vấn đề cơ bản về Nhà nước và Nhà nước CHXHCN Việt Nam,
LP6021_L14,14,Những vấn đề cơ bản về pháp luật,
LP6021_L15,15,Quy phạm pháp luật và thực hiện pháp luật,
LP6021_L16,16,Hệ thống pháp luật Việt Nam,
LP6021_L17,17,Luật Dân sự,
LP6021_L18,18,Quan hệ pháp luật,
LP6021_L19,19,Vi phạm pháp luật và trách nhiệm pháp lý,
LP6021_L20,20,Những vấn đề cơ bản về quyền con người,
LP6021_L21,21,"Luật Phòng, chống tham nhũng",
LP6021_L22,22,Hình thức pháp luật Việt Nam,
LP6022_L1,1,"Bài 1: Khái niệm, đối tượng, phương pháp nghiên cứu và ý nghĩa học tập học phần Tư tưởng Hồ Chí Minh",
LP6022_L2,2,"Bài 2: Cơ sở, quá trình hình thành và phát triển tư tưởng Hồ Chí Minh",
LP6022_L3,3,Bài 3: Tư tưởng Hồ Chí Minh về độc lập dân tộc và cách mạng giải phóng dân tộc,
LP6022_L4,4,Bài 4: Tư tưởng Hồ Chí Minh về chủ nghĩa xã hội và xây dựng chủ nghĩa xã hội ở Việt Nam,
LP6022_L5,5,Bài 5: Tư tưởng Hồ Chí Minh về Đảng Cộng sản Việt Nam,
LP6022_L6,6,"Bài 6: Tư tưởng Hồ Chí Minh về xây dựng Nhà nước của dân, do dân, vì dân",
LP6022_L7,7,Bài 7: Tư tưởng Hồ Chí Minh về đại đoàn kết dân tộc  và đoàn kết quốc tế,
LP6022_L8,8,"Bài 8: Tư tưởng Hồ Chí Minh về văn hóa,  Kiểm tra TX1",
LP6022_L9,9,Bài 9: Tư tưởng Hồ Chí Minh về đạo đức và xây dựng con người mới và Bài 10: Tư tưởng Hồ Chí minh về Công nghiệp hóa,
LP6022_L10,10,Nhập môn Lịch sử Đảng Cộng sản Việt Nam.,
LP6022_L11,11,Đảng Cộng sản Việt Nam ra đời và Cương lĩnh chính trị đầu tiên của Đảng.,
LP6022_L12,12,Đảng lãnh đạo đấu tranh giành chính quyền (1930 - 1945).,
LP6022_L13,13,"Đảng lãnh đạo hai cuộc kháng chiến, hoàn thành giải phóng dân tộc, thống nhất đất nước (1945 - 1975).",
LP6022_L14,14,Đảng lãnh đạo cả nước xây dựng chủ nghĩa xã hội và bảo vệ Tổ quốc (1975-1986).,
LP6022_L15,15,"Đảng lãnh đạo công cuộc công nghiệp hóa, hiện đại hóa và phát triển nền kinh tế thị trường định hướng xã hội chủ nghĩa từ 1986 đến nay.",
LP6022_L16,16,Đảng lãnh đạo xây dựng Hệ thống chính trị từ 1989 đến nay.,
LP6022_L17,17,"Đảng lãnh đạo phát triển văn hóa, xây dựng con người mới và giải quyết các vấn đề xã hội từ 1986 đến nay. Kiểm tra TX 1",
LP6022_L18,18,"Đảng lãnh đạo hoạt động đối ngoại, giữ vững quốc phòng - an ninh từ 1986 đến nay; Bài 10: Tổng kết những thắng lợi và bài học kinh nghiệm.",
LP6025_L1,1,"Đối tượng, phương pháp nghiên cứu và chức năng của kinh tế chính trị Mác – Lênin",
LP6025_L2,2,LÝ LUẬN CỦA C.MÁC VỀ SẢN XUẤT HÀNG HÓA VÀ HÀNG HÓA,
LP6025_L3,3,THỊ TRƯỜNG VÀ VAI TRÒ CỦA CÁC CHỦ THỂ THAM GIA VÀO THỊ TRƯỜNG,
LP6025_L4,4,Lý luận của C.Mác về giá trị thặng dư,
LP6025_L5,5,Các hình thức biểu hiện của giá trị thặng dư trong nền kinh tế thị trường,
LP6025_L6,6,Cạnh tranh và độc quyền trong nền kinh tế thị trường,
LP6025_L7,7,Kinh tế thị trường định hướng xã hội chủ nghĩa ở Việt Nam; Đánh giá thường xuyên 1,
LP6025_L8,8,Quan hệ lợi ích kinh tế ở Việt Nam,
LP6025_L9,9,"Công nghiệp hóa, hiện đại hóa ở Việt Nam",
LP6025_L10,10,Hội nhập kinh tế quốc tế của Việt Nam; Đánh giá thường xuyên 2,
LP6025_L11,11,"Đối tượng, phương pháp nghiên cứu và chức năng của kinh tế chính trị Mác – Lênin",
LP6025_L12,12,LÝ LUẬN CỦA C.MÁC VỀ SẢN XUẤT HÀNG HÓA VÀ HÀNG HÓA,
LP6025_L13,13,THỊ TRƯỜNG VÀ VAI TRÒ CỦA CÁC CHỦ THỂ THAM GIA VÀO THỊ TRƯỜNG,
LP6025_L14,14,Lý luận của C.Mác về giá trị thặng dư,
LP6025_L15,15,Các hình thức biểu hiện của giá trị thặng dư trong nền kinh tế thị trường,
LP6025_L16,16,Cạnh tranh và độc quyền trong nền kinh tế thị trường,
LP6025_L17,17,Kinh tế thị trường định hướng xã hội chủ nghĩa ở Việt Nam; Đánh giá thường xuyên 1,
LP6025_L18,18,Quan hệ lợi ích kinh tế ở Việt Nam,
LP6025_L19,19,"Công nghiệp hóa, hiện đại hóa ở Việt Nam",
LP6025_L20,20,Hội nhập kinh tế quốc tế của Việt Nam; Đánh giá thường xuyên 2,
LP6026_L1,1,Nhập môn chủ nghĩa xã hội khoa học,
LP6026_L2,2,Sứ mệnh lịch sử của giai cấp công nhân,
LP6026_L3,3,Chủ nghĩa xã hội,
LP6026_L4,4,Thời kỳ quá độ lên chủ nghĩa xã hội,
LP6026_L5,5,Dân chủ xã hội chủ nghĩa,
LP6026_L6,6,Nhà nước xã hội chủ nghĩa,
LP6026_L7,7,"Cơ cấu xã hội - giai cấp và liên minh giai cấp, tầng lớp trong thời kỳ quá độ lên chủ nghĩa xã hội",
LP6026_L8,8,: Vấn đề dân tộc trong thời kỳ quá độ lên chủ nghĩa xã hội,
LP6026_L9,9,Vấn đề tôn giáo trong thời kỳ quá độ lên chủ nghĩa xã hội,
LP6026_L10,10,Vấn đề gia đình trong  thời kỳ quá độ lên chủ nghĩa xã hội,
LP6026_L11,11,Nhập môn chủ nghĩa xã hội khoa học,
LP6026_L12,12,Sứ mệnh lịch sử của giai cấp công nhân,
LP6026_L13,13,Chủ nghĩa xã hội,
LP6026_L14,14,Thời kỳ quá độ lên chủ nghĩa xã hội,
LP6026_L15,15,Dân chủ xã hội chủ nghĩa,
LP6026_L16,16,Nhà nước xã hội chủ nghĩa,
LP6026_L17,17,"Cơ cấu xã hội - giai cấp và liên minh giai cấp, tầng lớp trong thời kỳ quá độ lên chủ nghĩa xã hội",
LP6026_L18,18,: Vấn đề dân tộc trong thời kỳ quá độ lên chủ nghĩa xã hội,
LP6026_L19,19,Vấn đề tôn giáo trong thời kỳ quá độ lên chủ nghĩa xã hội,
LP6026_L20,20,Vấn đề gia đình trong  thời kỳ quá độ lên chủ nghĩa xã hội,
LP6027_L1,1,Nhập môn Lịch sử Đảng Cộng sản Việt Nam.,
LP6027_L2,2,Đảng Cộng sản Việt Nam ra đời và Cương lĩnh chính trị đầu tiên của Đảng.,
LP6027_L3,3,Đảng lãnh đạo đấu tranh giành chính quyền (1930 - 1945).,
LP6027_L4,4,"Đảng lãnh đạo hai cuộc kháng chiến, hoàn thành giải phóng dân tộc, thống nhất đất nước (1945 - 1975).",
LP6027_L5,5,Đảng lãnh đạo cả nước xây dựng chủ nghĩa xã hội và bảo vệ Tổ quốc (1975-1986).,
LP6027_L6,6,"Đảng lãnh đạo công cuộc công nghiệp hóa, hiện đại hóa và phát triển nền kinh tế thị trường định hướng xã hội chủ nghĩa từ 1986 đến nay.",
LP6027_L7,7,Đảng lãnh đạo xây dựng Hệ thống chính trị từ 1989 đến nay.,
LP6027_L8,8,"Đảng lãnh đạo phát triển văn hóa, xây dựng con người mới và giải quyết các vấn đề xã hội từ 1986 đến nay. Kiểm tra TX 1",
LP6027_L9,9,"Đảng lãnh đạo hoạt động  đối ngoại, giữ vững quốc phòng - an ninh từ 1986 đến nay; Bài 10: Tổng kết những thắng lợi và bài học kinh nghiệm.",
LP6027_L10,10,Nhập môn Lịch sử Đảng Cộng sản Việt Nam.,
LP6027_L11,11,Đảng Cộng sản Việt Nam ra đời và Cương lĩnh chính trị đầu tiên của Đảng.,
LP6027_L12,12,Đảng lãnh đạo đấu tranh giành chính quyền (1930 - 1945).,
LP6027_L13,13,"Đảng lãnh đạo hai cuộc kháng chiến, hoàn thành giải phóng dân tộc, thống nhất đất nước (1945 - 1975).",
LP6027_L14,14,Đảng lãnh đạo cả nước xây dựng chủ nghĩa xã hội và bảo vệ Tổ quốc (1975-1986).,
LP6027_L15,15,"Đảng lãnh đạo công cuộc công nghiệp hóa, hiện đại hóa và phát triển nền kinh tế thị trường định hướng xã hội chủ nghĩa từ 1986 đến nay.",
LP6027_L16,16,Đảng lãnh đạo xây dựng Hệ thống chính trị từ 1989 đến nay.,
LP6027_L17,17,"Đảng lãnh đạo phát triển văn hóa, xây dựng con người mới và giải quyết các vấn đề xã hội từ 1986 đến nay. Kiểm tra TX 1",
LP6027_L18,18,"Đảng lãnh đạo hoạt động  đối ngoại, giữ vững quốc phòng - an ninh từ 1986 đến nay; Bài 10: Tổng kết những thắng lợi và bài học kinh nghiệm.",
SC6013_L1,1,Tổng quan về quản lý dự án công nghệ thông tin,
SC6013_L2,2,Quy trình quản lý dự án công nghệ thông tin,
SC6013_L3,3,Quản lý phạm vi,
SC6013_L4,4,Quản lý thời gian và tiến độ,
SC6013_L5,5,Quản lý chi phí và ngân sách,
SC6013_L6,6,Quản lý nguồn nhân lực,
SC6013_L7,7,Quản lý rủi ro,
SC6013_L8,8,Quản lý chất lượng,
SC6013_L9,9,Giao tiếp và báo cáo trong dự án,
SC6013_L10,10,Ứng dụng công cụ và phương pháp hiện đại để quản lý dự án,
SC6013_L11,11,Vận dụng các phương pháp và kỹ năng quản lý dự án CNTT,
SC6013_L12,12,Tổng quan về quản lý dự án công nghệ thông tin,
SC6013_L13,13,Quy trình quản lý dự án công nghệ thông tin,
SC6013_L14,14,Quản lý phạm vi,
SC6013_L15,15,Quản lý thời gian và tiến độ,
SC6013_L16,16,Quản lý chi phí và ngân sách,
SC6013_L17,17,Quản lý nguồn nhân lực,
SC6013_L18,18,Quản lý rủi ro,
SC6013_L19,19,Quản lý chất lượng,
SC6013_L20,20,Giao tiếp và báo cáo trong dự án,
SC6013_L21,21,Ứng dụng công cụ và phương pháp hiện đại để quản lý dự án,
SC6013_L22,22,Vận dụng các phương pháp và kỹ năng quản lý dự án CNTT,
SC6014_L1,1,Tìm hiểu môi trường làm việc các các quy định liên quan,
SC6014_L2,2,Xác định đề tài và kế hoạch thực hiện,
SC6014_L3,3,Phân tích và thiết kế giải pháp,
SC6014_L4,4,Thực thi giải pháp,
SC6014_L5,5,Đánh giá giải pháp,
SC6014_L6,6,Tổng hợp kết quả và hoàn thành báo cáo đồ án,
SC6014_L7,7,Tìm hiểu môi trường làm việc các các quy định liên quan,
SC6014_L8,8,Xác định đề tài và kế hoạch thực hiện,
SC6014_L9,9,Phân tích và thiết kế giải pháp,
SC6014_L10,10,Thực thi giải pháp,
SC6014_L11,11,Đánh giá giải pháp,
SC6014_L12,12,Tổng hợp kết quả và hoàn thành báo cáo đồ án,
SC6016_L1,1,Xác định được nhiệm vụ và kế hoạch thực hiện,
SC6016_L2,2,Phân tích giải pháp CNTT cho bài toán được giao,
SC6016_L3,3,Thiết kế được giải pháp CNTT cho bài toán đã phân tích,
SC6016_L4,4,Triển khai được giải pháp CNTT theo bản đã thiết kế,
SC6016_L5,5,Tổng hợp kết quả và xây dựng báo cáo đồ án cơ sở ngành.,
SC6016_L6,6,Tổng thời lượng,
SC6016_L7,7,Xác định được nhiệm vụ và kế hoạch thực hiện,
SC6016_L8,8,Phân tích giải pháp CNTT cho bài toán được giao,
SC6016_L9,9,Thiết kế được giải pháp CNTT cho bài toán đã phân tích,
SC6016_L10,10,Triển khai được giải pháp CNTT theo bản đã thiết kế,
SC6016_L11,11,Tổng hợp kết quả và xây dựng báo cáo đồ án cơ sở ngành.,
SC6016_L12,12,Tổng thời lượng,
SC6019_L1,1,Tổng quan về học máy,
SC6019_L2,2,Mô hình hồi quy,
SC6019_L3,3,Mô hình SVM,
SC6019_L4,4,Học không giám sát,
SC6019_L5,5,Mô hình học sâu,
SC6019_L6,6,Một số mô hình học máy khác,
SC6019_L7,7,Xây dựng ứng dụng học máy,
SC6019_L8,8,Thực nghiệm về mô hình hồi quy,
SC6019_L9,9,Thực nghiệm về mô hình SVM,
SC6019_L10,10,Thực nghiệm về học không giám sát,
SC6019_L11,11,Thực nghiệm về học sâu,
SC6019_L12,12,Thực nghiệm về một số mô hình học máy,
SC6019_L13,13,khác,
SC6019_L14,14,Tổng quan về học máy,
SC6019_L15,15,Mô hình hồi quy,
SC6019_L16,16,Mô hình SVM,
SC6019_L17,17,Học không giám sát,
SC6019_L18,18,Mô hình học sâu,
SC6019_L19,19,Một số mô hình học máy khác,
SC6019_L20,20,Xây dựng ứng dụng học máy,
SC6019_L21,21,Thực nghiệm về mô hình hồi quy,
SC6019_L22,22,Thực nghiệm về mô hình SVM,
SC6019_L23,23,Thực nghiệm về học không giám sát,
SC6019_L24,24,Thực nghiệm về học sâu,
SC6019_L25,25,Thực nghiệm về một số mô hình học máy,
SC6019_L26,26,khác,
SC6200_L1,1,Tổng quan về bảo mật.,
SC6200_L2,2,Cơ sở toán học cho mật mã,
SC6200_L3,3,Mật mã cổ diễn,
SC6200_L4,4,Mật mã khóa đối xứng (KT TX1),
SC6200_L5,5,Mật mã khóa công khai,
SC6200_L6,6,Hàm băm và chữ ký số (KT TX2),
SC6200_L7,7,Quản lý và phân phối khóa trong mật mã,
SC6200_L8,8,Hướng dẫn BTL,
SC6200_L9,9,Tổng quan về bảo mật.,
SC6200_L10,10,Cơ sở toán học cho mật mã,
SC6200_L11,11,Mật mã cổ diễn,
SC6200_L12,12,Mật mã khóa đối xứng (KT TX1),
SC6200_L13,13,Mật mã khóa công khai,
SC6200_L14,14,Hàm băm và chữ ký số (KT TX2),
SC6200_L15,15,Quản lý và phân phối khóa trong mật mã,
SC6200_L16,16,Hướng dẫn BTL,
SC6202_L1,1,Bài toán tối ưu hóa tổng quát,
SC6202_L2,2,Một số tính chất của bài toán tối ưu,
SC6202_L3,3,Bài toán quy hoạch tuyến tính và phương pháp đơn hình,
SC6202_L4,4,Các dạng bài toán quy hoạch tuyến tính,
SC6202_L5,5,"Bài toán quy hoạch tuyến tính đối ngẫu (khái niệm, các định lý đối ngẫu,",
SC6202_L6,6,Bài toán vận tải,
SC6202_L7,7,Phương pháp giải bài toán vận tải,
SC6202_L8,8,Bài toán tối ưu hóa rời rạc và các phương pháp giải,
SC6202_L9,9,Bài toán tối ưu hóa tổng quát,
SC6202_L10,10,Một số tính chất của bài toán tối ưu,
SC6202_L11,11,Bài toán quy hoạch tuyến tính và phương pháp đơn hình,
SC6202_L12,12,Các dạng bài toán quy hoạch tuyến tính,
SC6202_L13,13,"Bài toán quy hoạch tuyến tính đối ngẫu (khái niệm, các định lý đối ngẫu,",
SC6202_L14,14,Bài toán vận tải,
SC6202_L15,15,Phương pháp giải bài toán vận tải,
SC6202_L16,16,Bài toán tối ưu hóa rời rạc và các phương pháp giải,
SC6205_L1,1,Tổng quan về cấu trúc dữ liệu và giải thuật,
SC6205_L2,2,Một số chiến lược thiết kế giải thuật,
SC6205_L3,3,"Các phương pháp tìm kiếm, sắp xếp",
SC6205_L4,4,Danh sách tuyến tính,
SC6205_L5,5,Cây và cây nhiệm phân,
SC6205_L6,6,"Chiến lược để quy, chia để trị",
SC6205_L7,7,Chiến lược tham lam,
SC6205_L8,8,Giải thuật tìm kiếm,
SC6205_L9,9,Giải thuật sắp xếp cơ bản,
SC6205_L10,10,Cấu trúc dữ liệu vecto,
SC6205_L11,11,Cấu trúc dữ liệu list,
SC6205_L12,12,Cấu trúc dữ liệu cây nhi phân,
SC6205_L13,13,Bài tập tổng hợp,
SC6205_L14,14,Tổng quan về cấu trúc dữ liệu và giải thuật,
SC6205_L15,15,Một số chiến lược thiết kế giải thuật,
SC6205_L16,16,"Các phương pháp tìm kiếm, sắp xếp",
SC6205_L17,17,Danh sách tuyến tính,
SC6205_L18,18,Cây và cây nhiệm phân,
SC6205_L19,19,"Chiến lược để quy, chia để trị",
SC6205_L20,20,Chiến lược tham lam,
SC6205_L21,21,Giải thuật tìm kiếm,
SC6205_L22,22,Giải thuật sắp xếp cơ bản,
SC6205_L23,23,Cấu trúc dữ liệu vecto,
SC6205_L24,24,Cấu trúc dữ liệu list,
SC6205_L25,25,Cấu trúc dữ liệu cây nhi phân,
SC6205_L26,26,Bài tập tổng hợp,
SC6206_L1,1,Tổng quan về cơ sở dữ liệu và mô hình dữ liệu,
SC6206_L2,2,Các phép toán đại số quan hệ,
SC6206_L3,3,Sử dụng đại số quan hệ trong truy vấn dữ liệu,
SC6206_L4,4,Tôi ưu hóa truy vấn,
SC6206_L5,5,Ngôn ngữ định nghĩa và thao tác dữ liệu,
SC6206_L6,6,Ngôn ngữ truy vấn dữ liệu,
SC6206_L7,7,Thiết kế CSDL và mô hình thực thể-liên kết,
SC6206_L8,8,Chuyển mô hình thực thể-liên kết sang mô hình quan hệ,
SC6206_L9,9,Phụ thuộc hàm,
SC6206_L10,10,Các dạng chuẩn,
SC6206_L11,11,Chuẩn hóa quan hệ dưa trên biểu mẫu,
SC6206_L12,12,Tổng quan về cơ sở dữ liệu và mô hình dữ liệu,
SC6206_L13,13,Các phép toán đại số quan hệ,
SC6206_L14,14,Sử dụng đại số quan hệ trong truy vấn dữ liệu,
SC6206_L15,15,Tôi ưu hóa truy vấn,
SC6206_L16,16,Ngôn ngữ định nghĩa và thao tác dữ liệu,
SC6206_L17,17,Ngôn ngữ truy vấn dữ liệu,
SC6206_L18,18,Thiết kế CSDL và mô hình thực thể-liên kết,
SC6206_L19,19,Chuyển mô hình thực thể-liên kết sang mô hình quan hệ,
SC6206_L20,20,Phụ thuộc hàm,
SC6206_L21,21,Các dạng chuẩn,
SC6206_L22,22,Chuẩn hóa quan hệ dưa trên biểu mẫu,
SC6208_L1,1,Căn bản về lập trình,
SC6208_L2,2,Các cấu trúc điều khiển,
SC6208_L3,3,Kỹ thuật lập trình với hàm,
SC6208_L4,4,Kỹ thuật lập trình với mảng,
SC6208_L5,5,"Kỹ thuật xử lý xâu ký tự, con trỏ và tệp tin",
SC6208_L6,6,Thực hành: Biến/ Biểu thức/ Nhập/ Xuất/ Cấu trúc điều khiển,
SC6208_L7,7,Thực hành: Kỹ thuật lập trình với hàm,
SC6208_L8,8,Bài tập tổng hợp và kiểm tra thường xuyên 1,
SC6208_L9,9,Thực hành: Kỹ thuật xử lý mảng,
SC6208_L10,10,Thực hành: Kỹ thuật xử lý xâu ký tự và con trỏ và tệp tin,
SC6208_L11,11,Bài tập tổng hợp và kiểm tra thường xuyên 2,
SC6208_L12,12,Tổng quan về công nghệ phần mềm,
SC6208_L13,13,Mô hình phát triển phần mềm,
SC6208_L14,14,Phân tích và thiết kế hệ thống,
SC6208_L15,15,Lập trình – Kiểm thử – Phát hành sản phẩm phần mềm,
SC6208_L16,16,AI trong công nghệ phần mềm,
SC6210_L1,1,Tổng quan,
SC6210_L2,2,"NET, cấu trúc dữ liệu & ngôn ngữ lập trình C#",
SC6210_L3,3,Lập trình hướng đối tượng với C#,
SC6210_L4,4,Thực hành Ngôn ngữ C# & lập trình hướng đối tượng với C#,
SC6210_L5,5,Một số tính năng nâng cao trong C#,
SC6210_L6,6,Thực hành tính năng nâng cao trong C# và kiểm tra TX1,
SC6210_L7,7,"Tổng quan WPF, xây dựng giao diện đồ họa GUI & ràng buộc dữ liệu",
SC6210_L8,8,Thực hành xây dựng ứng dụng WPF & ràng buộc dữ liệu,
SC6210_L9,9,Xây dựng ứng dụng giao diện đồ họa GUI nâng cao,
SC6210_L10,10,Thực hành xây dựng ứng dụng WPF tổng thể,
SC6210_L11,11,Truy vấn và xử lý dữ liệu với Entity Framework Core,
SC6210_L12,12,"Thực hành tích hợp WPF, EF Core và kiểm tra TX2",
SC6210_L13,13,Thực hành tổng thể và ôn tập,
SC6210_L14,14,Tổng quan,
SC6210_L15,15,"NET, cấu trúc dữ liệu & ngôn ngữ lập trình C#",
SC6210_L16,16,Lập trình hướng đối tượng với C#,
SC6210_L17,17,Thực hành Ngôn ngữ C# & lập trình hướng đối tượng với C#,
SC6210_L18,18,Một số tính năng nâng cao trong C#,
SC6210_L19,19,Thực hành tính năng nâng cao trong C# và kiểm tra TX1,
SC6210_L20,20,"Tổng quan WPF, xây dựng giao diện đồ họa GUI & ràng buộc dữ liệu",
SC6210_L21,21,Thực hành xây dựng ứng dụng WPF & ràng buộc dữ liệu,
SC6210_L22,22,Xây dựng ứng dụng giao diện đồ họa GUI nâng cao,
SC6210_L23,23,Thực hành xây dựng ứng dụng WPF tổng thể,
SC6210_L24,24,Truy vấn và xử lý dữ liệu với Entity Framework Core,
SC6210_L25,25,"Thực hành tích hợp WPF, EF Core và kiểm tra TX2",
SC6210_L26,26,Thực hành tổng thể và ôn tập,
SC6211_L1,1,Định nghĩa và sử dụng lớp,
SC6211_L2,2,Quan hệ kết tập và phạm vi truy cập,
SC6211_L3,3,"Phương thức khởi tạo, phương thức hủy, con trở this và quan hệ kế thừa",
SC6211_L4,4,Phương thức toán tử và các dòng nhập/ xuất,
SC6211_L5,5,"Phương thức ảo, tính đa hình, khuôn mẫu và biệt lệ",
SC6211_L6,6,Quan hệ kết tập,
SC6211_L7,7,"Phương thức khởi tạo, phương thức hủy, truy cập thuộc tính riêng tư.",
SC6211_L8,8,Quan hệ kế thừa,
SC6211_L9,9,Bài tập tổng hợp và kiểm tra TX1,
SC6211_L10,10,Phương thức toán tử,
SC6211_L11,11,Bài tập tổng hợp và kiểm tra TX2,
SC6211_L12,12,Định nghĩa và sử dụng lớp,
SC6211_L13,13,Quan hệ kết tập và phạm vi truy cập,
SC6211_L14,14,"Phương thức khởi tạo, phương thức hủy, con trở this và quan hệ kế thừa",
SC6211_L15,15,Phương thức toán tử và các dòng nhập/ xuất,
SC6211_L16,16,"Phương thức ảo, tính đa hình, khuôn mẫu và biệt lệ",
SC6211_L17,17,Quan hệ kết tập,
SC6211_L18,18,"Phương thức khởi tạo, phương thức hủy, truy cập thuộc tính riêng tư.",
SC6211_L19,19,Quan hệ kế thừa,
SC6211_L20,20,Bài tập tổng hợp và kiểm tra TX1,
SC6211_L21,21,Phương thức toán tử,
SC6211_L22,22,Bài tập tổng hợp và kiểm tra TX2,
SC6212_L1,1,"Tổng quan về công nghệ, các vấn đề cơ bản của lập trình Java.",
SC6212_L2,2,Thực hành: Các kỹ thuật lập trình cơ bản của Java.,
SC6212_L3,3,Lập trình hướng đối tượng trong Java.,
SC6212_L4,4,Thực hành: Lập trình hướng đối tượng.,
SC6212_L5,5,"Xử lý măng, chuỗi và lập trình tập hợp.",
SC6212_L6,6,"Thực hành: Xử lý măng, chuỗi và tập hợp.",
SC6212_L7,7,Lập trình I/O và xử lý ngoại lệ.,
SC6212_L8,8,Thực hành: Lập trình I/O và xử lý ngoại lệ,
SC6212_L9,9,Lập trình Cơ sở dữ liệu với JDBC.,
SC6212_L10,10,Thực hành: Lập trình làm việc với CSDL,
SC6212_L11,11,Lập trình giao diện người sử dụng cơ bản trong Java,
SC6212_L12,12,Thực hành: Lập trình giao diện người sử dụng,
SC6212_L13,13,"Tổng quan về công nghệ, các vấn đề cơ bản của lập trình Java.",
SC6212_L14,14,Thực hành: Các kỹ thuật lập trình cơ bản của Java.,
SC6212_L15,15,Lập trình hướng đối tượng trong Java.,
SC6212_L16,16,Thực hành: Lập trình hướng đối tượng.,
SC6212_L17,17,"Xử lý măng, chuỗi và lập trình tập hợp.",
SC6212_L18,18,"Thực hành: Xử lý măng, chuỗi và tập hợp.",
SC6212_L19,19,Lập trình I/O và xử lý ngoại lệ.,
SC6212_L20,20,Thực hành: Lập trình I/O và xử lý ngoại lệ,
SC6212_L21,21,Lập trình Cơ sở dữ liệu với JDBC.,
SC6212_L22,22,Thực hành: Lập trình làm việc với CSDL,
SC6212_L23,23,Lập trình giao diện người sử dụng cơ bản trong Java,
SC6212_L24,24,Thực hành: Lập trình giao diện người sử dụng,
SC6213_L1,1,Lập trình giao diện người sử dụng nâng cao,
SC6213_L2,2,Lập trình kết nối với CSDL (JPA/Hibernate/HQL),
SC6213_L3,3,Bài 3: Thực hành lập trình giao diện người sử dụng và kết nối CSDL,
SC6213_L4,4,Bài 4: Kỹ thuật lập trình đa luồng và Lập trình mạng với Java,
SC6213_L5,5,Bài 5: Thực hành lập trình đa luồng và lập trình mạng (Kiểm tra TX1),
SC6213_L6,6,"Bài 6: Spring Framework, Spring Core, Các mẫu thiết kế Spring.",
SC6213_L7,7,Bài 7: Thực hành lập trình Spring core và lập trình theo mẫu thiết kế spring.,
SC6213_L8,8,"Bài 8: Lập trình Spring Boot, Spring Web/WebFlux và kết nối CSDL trong Spring.",
SC6213_L9,9,Bài 9: Thực hành lập trình với Spring boot. (Kiểm tra TX2),
SC6213_L10,10,Bài 10: Một số framework tiên tiến khác (Quarkus Framework),
SC6213_L11,11,Lập trình giao diện người sử dụng nâng cao,
SC6213_L12,12,Lập trình kết nối với CSDL (JPA/Hibernate/HQL),
SC6213_L13,13,Bài 3: Thực hành lập trình giao diện người sử dụng và kết nối CSDL,
SC6213_L14,14,Bài 4: Kỹ thuật lập trình đa luồng và Lập trình mạng với Java,
SC6213_L15,15,Bài 5: Thực hành lập trình đa luồng và lập trình mạng (Kiểm tra TX1),
SC6213_L16,16,"Bài 6: Spring Framework, Spring Core, Các mẫu thiết kế Spring.",
SC6213_L17,17,Bài 7: Thực hành lập trình Spring core và lập trình theo mẫu thiết kế spring.,
SC6213_L18,18,"Bài 8: Lập trình Spring Boot, Spring Web/WebFlux và kết nối CSDL trong Spring.",
SC6213_L19,19,Bài 9: Thực hành lập trình với Spring boot. (Kiểm tra TX2),
SC6213_L20,20,Bài 10: Một số framework tiên tiến khác (Quarkus Framework),
SC6214_L1,1,Tổng quan & Mô hình MVC trong ASP.NET Core,
SC6214_L2,2,Thực hành,
SC6214_L3,3,"Razor View, Layout và Truyền Dữ Liệu",
SC6214_L4,4,TH + Kiểm tra TX1,
SC6214_L5,5,Core ASP.net core và entity framework core,
SC6214_L6,6,"Upload file, Tìm kiểm, Phân trang & Bảo mật cơ bản",
SC6214_L7,7,Bảo mật nâng cao & Triển khai dự án thực tế,
SC6214_L8,8,TH + Kiểm tra TX2,
SC6214_L9,9,Tổng quan & Mô hình MVC trong ASP.NET Core,
SC6214_L10,10,Thực hành,
SC6214_L11,11,"Razor View, Layout và Truyền Dữ Liệu",
SC6214_L12,12,TH + Kiểm tra TX1,
SC6214_L13,13,Core ASP.net core và entity framework core,
SC6214_L14,14,"Upload file, Tìm kiểm, Phân trang & Bảo mật cơ bản",
SC6214_L15,15,Bảo mật nâng cao & Triển khai dự án thực tế,
SC6214_L16,16,TH + Kiểm tra TX2,
SC6215_L1,1,Giới thiệu PHP và môi trường phát triển,
SC6215_L2,2,Thực hành ngôn ngữ PHP cơ bản,
SC6215_L3,3,Cú pháp PHP và cấu trúc điều khiển,
SC6215_L4,4,Mắng và xử lý măng trong PHP,
SC6215_L5,5,Thực hành cấu trúc điều khiển và xử lý măng trong PHP,
SC6215_L6,6,Hàm trong PHP và tổ chức chương trình,
SC6215_L7,7,Xử lý dữ liệu Form trong ứng dụng PHP,
SC6215_L8,8,Thực hành hàm và xử lý dữ liệu Form trong PHP,
SC6215_L9,9,Quản lý phiên làm việc trong PHP,
SC6215_L10,10,Tổng quan cơ sở dữ liệu trong ứng dụng PHP,
SC6215_L11,11,Sử dụng SQL trong ứng dụng PHP,
SC6215_L12,12,Thực hành sử dụng SQL trong PHP,
SC6215_L13,13,Kỹ thuật kết nối PHP - MySQL,
SC6215_L14,14,Triển khai các thao tác cơ sở dữ liệu trong PHP,
SC6215_L15,15,Thực hành xây dựng ứng dụng,
SC6215_L16,16,Web PHP - MySQL,
SC6215_L17,17,Lý thuyết,
SC6215_L18,18,Thực hành/thí nghiệm,
SC6215_L19,19,"Tiểu luận, bài tập lớn, đồ án môn học, thực tập",
SC6215_L20,20,Giới thiệu PHP và môi trường phát triển,
SC6215_L21,21,Thực hành ngôn ngữ PHP cơ bản,
SC6215_L22,22,Cú pháp PHP và cấu trúc điều khiển,
SC6215_L23,23,Mắng và xử lý măng trong PHP,
SC6215_L24,24,Thực hành cấu trúc điều khiển và xử lý măng trong PHP,
SC6215_L25,25,Hàm trong PHP và tổ chức chương trình,
SC6215_L26,26,Xử lý dữ liệu Form trong ứng dụng PHP,
SC6215_L27,27,Thực hành hàm và xử lý dữ liệu Form trong PHP,
SC6215_L28,28,Quản lý phiên làm việc trong PHP,
SC6215_L29,29,Tổng quan cơ sở dữ liệu trong ứng dụng PHP,
SC6215_L30,30,Sử dụng SQL trong ứng dụng PHP,
SC6215_L31,31,Thực hành sử dụng SQL trong PHP,
SC6215_L32,32,Kỹ thuật kết nối PHP - MySQL,
SC6215_L33,33,Triển khai các thao tác cơ sở dữ liệu trong PHP,
SC6215_L34,34,Thực hành xây dựng ứng dụng,
SC6215_L35,35,Web PHP - MySQL,
SC6215_L36,36,Lý thuyết,
SC6215_L37,37,Thực hành/thí nghiệm,
SC6215_L38,38,"Tiểu luận, bài tập lớn, đồ án môn học, thực tập",
SC6218_L1,1,"Tổng quan về game, ứng dụng game và quy trình phát triển ứng dụng game",
SC6218_L2,2,Game Engines và nền tảng phát triển game Unity,
SC6218_L3,3,Thực hành: Cài đặt và làm quen với Unity,
SC6218_L4,4,Các thành phần cơ bản của Unity và Lập trình Script trong Unity,
SC6218_L5,5,"Xử lý tọa độ, camera, cấu trúc đối tượng trong một cảnh, và đối tượng dụng sẵn (Prefabs)",
SC6218_L6,6,Thực hành sử dụng các thành phần của môi trường Unit,
SC6218_L7,7,"Xử lý va chạm của các đối tượng, xử lý thời gian, chuột, phím",
SC6218_L8,8,"Xử lý hình ảnh, giao diện, hiệu ứng trong game và một số vấn đề khác",
SC6218_L9,9,"Thực hành xử lý va chạm, thời gian, chuột, bàn phím, hình ảnh và giao diện",
SC6218_L10,10,Xây dựng kích bản game,
SC6218_L11,11,Thiết kế nguyên mẫu cho game theo kích bản,
SC6218_L12,12,Lập trình game theo kích bản và nguyên mẫu,
SC6218_L13,13,Kết xuất và xuất bản game,
SC6218_L14,14,Thực hành: Xây dựng một kích bản game 2D đơn giản,
SC6218_L15,15,Thực hành: Lập trình game 2D theo kích bản đã chuẩn bị và kết xuất ứng dụng,
SC6218_L16,16,Thường xuyên 2,
SC6218_L17,17,Cuối kỳ,
SC6218_L18,18,"Tổng quan về game, ứng dụng game và quy trình phát triển ứng dụng game",
SC6218_L19,19,Game Engines và nền tảng phát triển game Unity,
SC6218_L20,20,Thực hành: Cài đặt và làm quen với Unity,
SC6218_L21,21,Các thành phần cơ bản của Unity và Lập trình Script trong Unity,
SC6218_L22,22,"Xử lý tọa độ, camera, cấu trúc đối tượng trong một cảnh, và đối tượng dụng sẵn (Prefabs)",
SC6218_L23,23,Thực hành sử dụng các thành phần của môi trường Unit,
SC6218_L24,24,"Xử lý va chạm của các đối tượng, xử lý thời gian, chuột, phím",
SC6218_L25,25,"Xử lý hình ảnh, giao diện, hiệu ứng trong game và một số vấn đề khác",
SC6218_L26,26,"Thực hành xử lý va chạm, thời gian, chuột, bàn phím, hình ảnh và giao diện",
SC6218_L27,27,Xây dựng kích bản game,
SC6218_L28,28,Thiết kế nguyên mẫu cho game theo kích bản,
SC6218_L29,29,Lập trình game theo kích bản và nguyên mẫu,
SC6218_L30,30,Kết xuất và xuất bản game,
SC6218_L31,31,Thực hành: Xây dựng một kích bản game 2D đơn giản,
SC6218_L32,32,Thực hành: Lập trình game 2D theo kích bản đã chuẩn bị và kết xuất ứng dụng,
SC6218_L33,33,Thường xuyên 2,
SC6218_L34,34,Cuối kỳ,
SC6219_L1,1,Giới thiệu về lập trình di động và thiết kế giao diện trên Android,
SC6219_L2,2,Thực hành xây dựng giao diện ứng dụng,
SC6219_L3,3,Xử lý sự kiện trên giao diện ứng dụng,
SC6219_L4,4,Thực hành xử lý sự kiện trên giao diện ứng dụng,
SC6219_L5,5,Thao tác với Menu và Intent,
SC6219_L6,6,Intent,
SC6219_L7,7,Lưu trữ dữ liệu với file,
SC6219_L8,8,Thực hành lưu trữ dữ liệu với file,
SC6219_L9,9,Tương tác với cơ sở dữ liệu SQLite,
SC6219_L10,10,Thực hành tương tác với cơ sở dữ liệu SQLite,
SC6219_L11,11,Thực hành,
SC6219_L12,12,Giới thiệu về lập trình di động và thiết kế giao diện trên Android,
SC6219_L13,13,Thực hành xây dựng giao diện ứng dụng,
SC6219_L14,14,Xử lý sự kiện trên giao diện ứng dụng,
SC6219_L15,15,Thực hành xử lý sự kiện trên giao diện ứng dụng,
SC6219_L16,16,Thao tác với Menu và Intent,
SC6219_L17,17,Intent,
SC6219_L18,18,Lưu trữ dữ liệu với file,
SC6219_L19,19,Thực hành lưu trữ dữ liệu với file,
SC6219_L20,20,Tương tác với cơ sở dữ liệu SQLite,
SC6219_L21,21,Thực hành tương tác với cơ sở dữ liệu SQLite,
SC6219_L22,22,Thực hành,
SC6220_L1,1,Tổng quan về phần mềm mã nguồn mở (OSS),
SC6220_L2,2,Quyền sở hữu trí tuệ và vấn đề cấp phép),
SC6220_L3,3,Nguyên lý và mô hình phát triển MNM,
SC6220_L4,4,Khai thác và tham gia cộng đồng mã nguồn mở,
SC6220_L5,5,Quy trình đánh giá và lựa chọn MNM,
SC6220_L6,6,Xây dựng website bằng công cụ nguồn mở,
SC6220_L7,7,Các hệ thống phần mềm mã nguồn mở phổ biến,
SC6220_L8,8,Cơ sở dữ liệu nguồn mở,
SC6220_L9,9,Xây dựng ứng dụng với phần mềm nguồn mở,
SC6220_L10,10,Xây dựng phần mềm hướng dịch vụ nguồn mở,
SC6220_L11,11,Thực hành,
SC6220_L12,12,Tổng quan về phần mềm mã nguồn mở (OSS),
SC6220_L13,13,Quyền sở hữu trí tuệ và vấn đề cấp phép),
SC6220_L14,14,Nguyên lý và mô hình phát triển MNM,
SC6220_L15,15,Khai thác và tham gia cộng đồng mã nguồn mở,
SC6220_L16,16,Quy trình đánh giá và lựa chọn MNM,
SC6220_L17,17,Xây dựng website bằng công cụ nguồn mở,
SC6220_L18,18,Các hệ thống phần mềm mã nguồn mở phổ biến,
SC6220_L19,19,Cơ sở dữ liệu nguồn mở,
SC6220_L20,20,Xây dựng ứng dụng với phần mềm nguồn mở,
SC6220_L21,21,Xây dựng phần mềm hướng dịch vụ nguồn mở,
SC6220_L22,22,Thực hành,
SC6221_L1,1,Tổng quan về phương pháp số,
SC6221_L2,2,Đa thức và hàm số,
SC6221_L3,3,Giải gần đúng phương trình,
SC6221_L4,4,Ma trận và hệ phương trình tuyến tính,
SC6221_L5,5,Giá trị riêng và vecto riêng,
SC6221_L6,6,Nội suy và phương pháp bình phương tối thiểu,
SC6221_L7,7,Tính gần đúng đạo hàm và tích phân xác định,
SC6221_L8,8,Tổng quan về phương pháp số,
SC6221_L9,9,Đa thức và hàm số,
SC6221_L10,10,Giải gần đúng phương trình,
SC6221_L11,11,Ma trận và hệ phương trình tuyến tính,
SC6221_L12,12,Giá trị riêng và vecto riêng,
SC6221_L13,13,Nội suy và phương pháp bình phương tối thiểu,
SC6221_L14,14,Tính gần đúng đạo hàm và tích phân xác định,
SC6222_L1,1,Tổng quan về tích hợp hệ thống phần mềm,
SC6222_L2,2,XML và XSD,
SC6222_L3,3,Thực hành XSD,
SC6222_L4,4,XSLT,
SC6222_L5,5,- Thực hành XSLT  - Kiểm tra TX1,
SC6222_L6,6,JSON và DOM,
SC6222_L7,7,Thực hành JSON và DOM,
SC6222_L8,8,- Thực hành JSON và DOM (tiếp); Kiểm tra TX2,
SC6222_L9,9,- RESTful web service,
SC6222_L10,10,Thực hành xây dựng Web API,
SC6222_L11,11,Xây dựng ứng dụng gọi Web API,
SC6222_L12,12,Thực hành xây dựng ứng dụng gọi Web API,
SC6222_L13,13,Thực hành xây dựng ứng dụng gọi Web API (tiếp),
SC6222_L14,14,Tổng quan về tích hợp hệ thống phần mềm,
SC6222_L15,15,XML và XSD,
SC6222_L16,16,Thực hành XSD,
SC6222_L17,17,XSLT,
SC6222_L18,18,Thực hành XSLT - Kiểm tra TX1,
SC6222_L19,19,JSON và DOM,
SC6222_L20,20,Thực hành JSON và DOM,
SC6222_L21,21,Thực hành JSON và DOM (tiếp); Kiểm tra TX2,
SC6222_L22,22,RESTful web service,
SC6222_L23,23,Thực hành xây dựng Web API,
SC6222_L24,24,Xây dựng ứng dụng gọi Web API,
SC6222_L25,25,Thực hành xây dựng ứng dụng gọi Web API (tiếp),
SC6223_L1,1,Logic mênh đề,
SC6223_L2,2,Logic vị từ và suy luận toán học,
SC6223_L3,3,Các phương pháp đếm và giải tích tổ hợp,
SC6223_L4,4,Kỹ thuật đếm cao cấp. Quan hệ và các tính chất,
SC6223_L5,5,Bao đóng và quan hệ tương đương. Kiểm tra bài số 1,
SC6223_L6,6,Các khái niệm cơ bản về đồ thị.,
SC6223_L7,7,Đồ thị Euler,
SC6223_L8,8,Đồ thị Hamilton,
SC6223_L9,9,Bài toán tìm đường đi ngắn nhất và bài toán tổ màu đồ thị.,
SC6223_L10,10,Khái niệm cây và ứng dụng. Kiểm tra bài số 2,
SC6223_L11,11,Các phương pháp duyệt cây. Cây khung.,
SC6223_L12,12,Logic mênh đề,
SC6223_L13,13,Logic vị từ và suy luận toán học,
SC6223_L14,14,Các phương pháp đếm và giải tích tổ hợp,
SC6223_L15,15,Kỹ thuật đếm cao cấp. Quan hệ và các tính chất,
SC6223_L16,16,Bao đóng và quan hệ tương đương. Kiểm tra bài số 1,
SC6223_L17,17,Các khái niệm cơ bản về đồ thị.,
SC6223_L18,18,Đồ thị Euler,
SC6223_L19,19,Đồ thị Hamilton,
SC6223_L20,20,Bài toán tìm đường đi ngắn nhất và bài toán tổ màu đồ thị.,
SC6223_L21,21,Khái niệm cây và ứng dụng. Kiểm tra bài số 2,
SC6223_L22,22,Các phương pháp duyệt cây. Cây khung.,
SC6224_L1,1,"Các thể HTML cơ bản, chèn bằng",
SC6224_L2,2,"Thẻ chèn hình ảnh, siêu liên kết và mẫu biểu (FORM)",
SC6224_L3,3,Các định dạng CSS cơ bản,
SC6224_L4,4,Box model và CSS nâng cao,
SC6224_L5,5,Cơ bản về javascript,
SC6224_L6,6,Đối tượng trong javascript,
SC6224_L7,7,"Xử lý sự kiện, biểu thức chính quy (regular expression)",
SC6224_L8,8,"Măng, chuỗi trong javascript",
SC6224_L9,9,"Các thể HTML cơ bản, chèn bằng",
SC6224_L10,10,"Thẻ chèn hình ảnh, siêu liên kết và mẫu biểu (FORM)",
SC6224_L11,11,Các định dạng CSS cơ bản,
SC6224_L12,12,Box model và CSS nâng cao,
SC6224_L13,13,Cơ bản về javascript,
SC6224_L14,14,Đối tượng trong javascript,
SC6224_L15,15,"Xử lý sự kiện, biểu thức chính quy (regular expression)",
SC6224_L16,16,"Măng, chuỗi trong javascript",
SC6228_L1,1,Tổng quan về TMĐT và cải đặt WordPress,
SC6228_L2,2,Thực hành,
SC6228_L3,3,Theme và cấu trúc WordPress,
SC6228_L4,4,Thực hành: xây dựng website tin tức với WordPress,
SC6228_L5,5,Plugin và lập trình PHP,
SC6228_L6,6,Thực hành + Kiểm tra TX1,
SC6228_L7,7,Xây dựng website bán hàng với WooCommerce,
SC6228_L8,8,Thực hành: thêm sản phẩm và quản lý đơn hàng,
SC6228_L9,9,Thực hành: tùy chính giao diện và tích hợp tin tức,
SC6228_L10,10,"Tôi ưu, bảo mật và triển khai website",
SC6228_L11,11,Thực hành + Kiểm tra TX2,
SC6228_L12,12,Tổng quan về TMĐT và cải đặt WordPress,
SC6228_L13,13,Thực hành,
SC6228_L14,14,Theme và cấu trúc WordPress,
SC6228_L15,15,Thực hành: xây dựng website tin tức với WordPress,
SC6228_L16,16,Plugin và lập trình PHP,
SC6228_L17,17,Thực hành + Kiểm tra TX1,
SC6228_L18,18,Xây dựng website bán hàng với WooCommerce,
SC6228_L19,19,Thực hành: thêm sản phẩm và quản lý đơn hàng,
SC6228_L20,20,Thực hành: tùy chính giao diện và tích hợp tin tức,
SC6228_L21,21,"Tôi ưu, bảo mật và triển khai website",
SC6228_L22,22,Thực hành + Kiểm tra TX2,
SC6229_L1,1,Tổng quan về hệ quản trị doanh nghiệp điện tử,
SC6229_L2,2,Các mô hình quản trị doanh nghiệp,
SC6229_L3,3,Làm quen với một phần mềm hệ thống ERP.,
SC6229_L4,4,Sử dụng hệ thống ERP để quản lý mua hàng,
SC6229_L5,5,Sử dụng hệ thống ERP để quản lý bán hàng,
SC6229_L6,6,Thực hành sử dụng hệ thống ERP để quản lý mua hàng và bán hàng,
SC6229_L7,7,Sử dụng hệ thống ERP để thực hiện hoạt động thương mại điện tử,
SC6229_L8,8,Thực hành sử dụng hệ thống ERP thực hiện hoạt động thương mại điện tử Kiểm tra thường xuyên 1,
SC6229_L9,9,Quy trình phát triển mô đun mới trên hệ thống ERP,
SC6229_L10,10,Các thành phần cơ bản trong một mô đun của hệ thống ERP,
SC6229_L11,11,Các bước xây dựng một mô đun mới trong hệ thống ERP,
SC6229_L12,12,Cơ sở dữ liệu trong hệ thống ERP,
SC6229_L13,13,Thực hành tạo mô đun trong hệ thống ERPKiểm tra thường xuyên 2,
SC6229_L14,14,Các loại view trong một mô đun của hệ thống ERP,
SC6229_L15,15,Thực hành tạo mô đun và các view trong hệ thống ERP,
SC6229_L16,16,Tổng quan về hệ quản trị doanh nghiệp điện tử,
SC6229_L17,17,Các mô hình quản trị doanh nghiệp,
SC6229_L18,18,Làm quen với một phần mềm hệ thống ERP.,
SC6229_L19,19,Sử dụng hệ thống ERP để quản lý mua hàng,
SC6229_L20,20,Sử dụng hệ thống ERP để quản lý bán hàng,
SC6229_L21,21,Thực hành sử dụng hệ thống ERP để quản lý mua hàng và bán hàng,
SC6229_L22,22,Sử dụng hệ thống ERP để thực hiện hoạt động thương mại điện tử,
SC6229_L23,23,Thực hành sử dụng hệ thống ERP thực hiện hoạt động thương mại điện tử Kiểm tra thường xuyên 1,
SC6229_L24,24,Quy trình phát triển mô đun mới trên hệ thống ERP,
SC6229_L25,25,Các thành phần cơ bản trong một mô đun của hệ thống ERP,
SC6229_L26,26,Các bước xây dựng một mô đun mới trong hệ thống ERP,
SC6229_L27,27,Cơ sở dữ liệu trong hệ thống ERP,
SC6229_L28,28,Thực hành tạo mô đun trong hệ thống ERPKiểm tra thường xuyên 2,
SC6229_L29,29,Các loại view trong một mô đun của hệ thống ERP,
SC6229_L30,30,Thực hành tạo mô đun và các view trong hệ thống ERP,
SC6232_L1,1,Tổng quan về hệ thống những và IoT,
SC6232_L2,2,Phần cứng hệ thống những,
SC6232_L3,3,Phần cứng hệ thống những (tiếp),
SC6232_L4,4,Phần mềm ứng dụng hệ thống những,
SC6232_L5,5,Thực hành làm quen với arduino,
SC6232_L6,6,Thực hành: Lập trình GPIO số và ADC của Arduino,
SC6232_L7,7,Phát triển một số hệ thống những thực tế,
SC6232_L8,8,Thực hành: Lập trình USART trong Arduino,
SC6232_L9,9,Thực hành: Lập trình PWM của Arduino,
SC6232_L10,10,Phát triển một số hệ thống những thực tế (tiếp),
SC6232_L11,11,"Thực hành: Lập trình Keypad 4x4 và LCD 16x2, Led 7Seg",
SC6232_L12,12,Thực hành: Lập trình Arduino với cảm biến LM35 và Moto DC + Kiểm tra TX1,
SC6232_L13,13,Kiến trúc mạng và các giao thức iot,
SC6232_L14,14,Thực hành: Giao thức mạng iot,
SC6232_L15,15,Phát triển một số hệ thống iot thực tế,
SC6232_L16,16,Thực hành: Phát triển ứng dụng iot,
SC6232_L17,17,Phát triển một số hệ thống iot thực tế (tiếp),
SC6232_L18,18,Thực hành: Lập trình iot sử dụng Arduino với Bluetooth và đám máy Thingspeak.,
SC6232_L19,19,Thực hành: Lập trình iot sử dụng Arduino với modul wifi ESP8266 và đám máy Thingspeak + Kiểm tra TX2.,
SC6232_L20,20,Một số vấn đề bảo mật trong hệ thống những và iot,
SC6232_L21,21,Tổng quan về hệ thống những và IoT,
SC6232_L22,22,Phần cứng hệ thống những,
SC6232_L23,23,Phần cứng hệ thống những (tiếp),
SC6232_L24,24,Phần mềm ứng dụng hệ thống những,
SC6232_L25,25,Thực hành làm quen với arduino,
SC6232_L26,26,Thực hành: Lập trình GPIO số và ADC của Arduino,
SC6232_L27,27,Phát triển một số hệ thống những thực tế,
SC6232_L28,28,Thực hành: Lập trình USART trong Arduino,
SC6232_L29,29,Thực hành: Lập trình PWM của Arduino,
SC6232_L30,30,Phát triển một số hệ thống những thực tế (tiếp),
SC6232_L31,31,"Thực hành: Lập trình Keypad 4x4 và LCD 16x2, Led 7Seg",
SC6232_L32,32,Thực hành: Lập trình Arduino với cảm biến LM35 và Moto DC + Kiểm tra TX1,
SC6232_L33,33,Kiến trúc mạng và các giao thức iot,
SC6232_L34,34,Thực hành: Giao thức mạng iot,
SC6232_L35,35,Phát triển một số hệ thống iot thực tế,
SC6232_L36,36,Thực hành: Phát triển ứng dụng iot,
SC6232_L37,37,Phát triển một số hệ thống iot thực tế (tiếp),
SC6232_L38,38,Thực hành: Lập trình iot sử dụng Arduino với Bluetooth và đám máy Thingspeak.,
SC6232_L39,39,Thực hành: Lập trình iot sử dụng Arduino với modul wifi ESP8266 và đám máy Thingspeak + Kiểm tra TX2.,
SC6232_L40,40,Một số vấn đề bảo mật trong hệ thống những và iot,
SC6234_L1,1,Tổng quan về an ninh mạng,
SC6234_L2,2,Thuật toán mã hóa khóa bí mật và công khai,
SC6234_L3,3,An ninh tầng giao vận,
SC6234_L4,4,An ninh thư điện tử,
SC6234_L5,5,An ninh IP,
SC6234_L6,6,An ninh mạng không dây,
SC6234_L7,7,Các mô hình mạng an toàn và phần mềm độc hại (KT-TX1),
SC6234_L8,8,Thâm nhập trái phép và tưởng lửa,
SC6234_L9,9,Thực hành về thuật toán mã hóa khóa bí mật,
SC6234_L10,10,Thực hành về thuật toán mã hóa khóa công khai,
SC6234_L11,11,Thực hành SSL,
SC6234_L12,12,Thực hành an ninh thư điện tử,
SC6234_L13,13,Thực hành an ninh mạng không dây,
SC6234_L14,14,Thực hành mô hình mạng an toàn,
SC6234_L15,15,Thực hành về phần mềm độc hại,
SC6234_L16,16,chống thâm nhập trái phép (KT-TX2),
SC6234_L17,17,Thực hành về cấu hình tưởng lửa,
SC6234_L18,18,Tổng quan về an ninh mạng,
SC6234_L19,19,Thuật toán mã hóa khóa bí mật và công khai,
SC6234_L20,20,An ninh tầng giao vận,
SC6234_L21,21,An ninh thư điện tử,
SC6234_L22,22,An ninh IP,
SC6234_L23,23,An ninh mạng không dây,
SC6234_L24,24,Các mô hình mạng an toàn và phần mềm độc hại (KT-TX1),
SC6234_L25,25,Thâm nhập trái phép và tưởng lửa,
SC6234_L26,26,Thực hành về thuật toán mã hóa khóa bí mật,
SC6234_L27,27,Thực hành về thuật toán mã hóa khóa công khai,
SC6234_L28,28,Thực hành SSL,
SC6234_L29,29,Thực hành an ninh thư điện tử,
SC6234_L30,30,Thực hành an ninh mạng không dây,
SC6234_L31,31,Thực hành mô hình mạng an toàn,
SC6234_L32,32,Thực hành về phần mềm độc hại,
SC6234_L33,33,chống thâm nhập trái phép (KT-TX2),
SC6234_L34,34,Thực hành về cấu hình tưởng lửa,
SC6236_L1,1,Tổng quan về khai thác dữ liệu,
SC6236_L2,2,Khai phá luật kết hợp,
SC6236_L3,3,Phân lớp dữ liệu,
SC6236_L4,4,Phân cụm dữ liệu,
SC6236_L5,5,Một số ứng dụng của khai thác dữ liệu,
SC6236_L6,6,Thực hành tìm luật kết hợp,
SC6236_L7,7,Thực hành phân lớp dựa trên cây quyết,
SC6236_L8,8,Thực hành phân lớp dựa trên xác suất và mạng nơ-ron,
SC6236_L9,9,Thực hành thuật toán k-means và thuật toán gộp,
SC6236_L10,10,Thực hành một số ứng dụng của khai phá dữ liệu,
SC6236_L11,11,Tổng quan về khai thác dữ liệu,
SC6236_L12,12,Khai phá luật kết hợp,
SC6236_L13,13,Phân lớp dữ liệu,
SC6236_L14,14,Phân cụm dữ liệu,
SC6236_L15,15,Một số ứng dụng của khai thác dữ liệu,
SC6236_L16,16,Thực hành tìm luật kết hợp,
SC6236_L17,17,Thực hành phân lớp dựa trên cây quyết,
SC6236_L18,18,Thực hành phân lớp dựa trên xác suất và mạng nơ-ron,
SC6236_L19,19,Thực hành thuật toán k-means và thuật toán gộp,
SC6236_L20,20,Thực hành một số ứng dụng của khai phá dữ liệu,
SC6237_L1,1,Tổng quan về phân tích dữ liệu lớn,
SC6237_L2,2,Tiền xử lý dữ liệu,
SC6237_L3,3,Phân tích mô tả và phân tích dự báo,
SC6237_L4,4,Phân tích dữ liệu mạng phúc hợp,
SC6237_L5,5,Công cụ phân tích dữ liệu lớn,
SC6237_L6,6,Thực hành tiền xử lý dữ liệu,
SC6237_L7,7,"phân tích mô tả, dự báo",
SC6237_L8,8,Bài tập tổng hợp và KTTX 1,
SC6237_L9,9,Thực hành tiền xử lý dữ liệu mạng phúc hợp,
SC6237_L10,10,Thực hành phát hiện cộng đồng mạng,
SC6237_L11,11,Thực hành dữ liệu lớn,
SC6237_L12,12,Bài tập tổng hợp và KTTX 2,
SC6237_L13,13,Tổng quan về phân tích dữ liệu lớn,
SC6237_L14,14,Tiền xử lý dữ liệu,
SC6237_L15,15,Phân tích mô tả và phân tích dự báo,
SC6237_L16,16,Phân tích dữ liệu mạng phúc hợp,
SC6237_L17,17,Công cụ phân tích dữ liệu lớn,
SC6237_L18,18,Thực hành tiền xử lý dữ liệu,
SC6237_L19,19,"phân tích mô tả, dự báo",
SC6237_L20,20,Bài tập tổng hợp và KTTX 1,
SC6237_L21,21,Thực hành tiền xử lý dữ liệu mạng phúc hợp,
SC6237_L22,22,Thực hành phát hiện cộng đồng mạng,
SC6237_L23,23,Thực hành dữ liệu lớn,
SC6237_L24,24,Bài tập tổng hợp và KTTX 2,
SC6239_L1,1,Tổng quan về công nghệ phần mềm,
SC6239_L2,2,Mô hình phát triển phần mềm,
SC6239_L3,3,Phân tích và thiết kế hệ thống,
SC6239_L4,4,Lập trình – Kiểm thử – Phát hành sản phẩm phần mềm,
SC6239_L5,5,AI trong công nghệ phần mềm,
SC6239_L6,6,Hướng dẫn BTL,
SC6239_L7,7,Tổng quan về công nghệ phần mềm,
SC6239_L8,8,Mô hình phát triển phần mềm,
SC6239_L9,9,Phân tích và thiết kế hệ thống,
SC6239_L10,10,Lập trình – Kiểm thử – Phát hành sản phẩm phần mềm,
SC6239_L11,11,AI trong công nghệ phần mềm,
SC6239_L12,12,Hướng dẫn BTL,
SC6240_L1,1,Tổng quan về mạng máy tính,
SC6240_L2,2,Các chuẩn mạng và mô hình OSI,
SC6240_L3,3,Giới thiệu một số giao thức mạng,
SC6240_L4,4,Địa chỉ IPV4 và quy định chia Subnet,
SC6240_L5,5,Thực hành nhận biết các mô hình mạng,
SC6240_L6,6,Đặc trung và cấu trúc cơ bản của mạng cục bộ,
SC6240_L7,7,"Các thiết bị mạng, quy trình thiết kế hệ thống mạng.",
SC6240_L8,8,Các phương pháp truy cập đường truyền và hệ điều hành mạng Windows Server,
SC6240_L9,9,"Thực hành tìm hiểu các thiết bị mạng, kỹ thuật bấm dây mạng",
SC6240_L10,10,Thực hành thiết kế hệ thống mạng,
SC6240_L11,11,Thực hành cải đặt Windows Server và dịch vụ Active Directory,
SC6240_L12,12,"Thực hành cải đặt dịch vụ DHCP, DNS",
SC6240_L13,13,"Thực hành Quản lý tài khoản người dùng, tài khoản nhóm",
SC6240_L14,14,"Thực hành Quản lý truy cập, chia sẻ tài nguyên trên mạng",
SC6240_L15,15,Ôn tập,
SC6240_L16,16,Tổng quan về mạng máy tính,
SC6240_L17,17,Các chuẩn mạng và mô hình OSI,
SC6240_L18,18,Giới thiệu một số giao thức mạng,
SC6240_L19,19,Địa chỉ IPV4 và quy định chia Subnet,
SC6240_L20,20,Thực hành nhận biết các mô hình mạng,
SC6240_L21,21,Đặc trung và cấu trúc cơ bản của mạng cục bộ,
SC6240_L22,22,"Các thiết bị mạng, quy trình thiết kế hệ thống mạng.",
SC6240_L23,23,Các phương pháp truy cập đường truyền và hệ điều hành mạng Windows Server,
SC6240_L24,24,"Thực hành tìm hiểu các thiết bị mạng, kỹ thuật bấm dây mạng",
SC6240_L25,25,Thực hành thiết kế hệ thống mạng,
SC6240_L26,26,Thực hành cải đặt Windows Server và dịch vụ Active Directory,
SC6240_L27,27,"Thực hành cải đặt dịch vụ DHCP, DNS",
SC6240_L28,28,"Thực hành Quản lý tài khoản người dùng, tài khoản nhóm",
SC6240_L29,29,"Thực hành Quản lý truy cập, chia sẻ tài nguyên trên mạng",
SC6240_L30,30,Ôn tập,
SC6241_L1,1,Tổng quan về Kiểm thử và vai trò kiểm thử trong phát triển phần mềm,
SC6241_L2,2,Quy trình kiểm thử và tài liệu kiểm thử theo chuẩn,
SC6241_L3,3,Kỹ thuật thiết kế kiểm thử - kiểm thử hộp đen,
SC6241_L4,4,Kiểm thử hộp trắng và kiểm thử mức đơn vị,
SC6241_L5,5,Kiểm thử tích hợp và Kiểm thử hệ thống,
SC6241_L6,6,Kiểm thử API,
SC6241_L7,7,dịch vụ web,
SC6241_L8,8,Kiểm thử tự động (Automation),
SC6241_L9,9,"Kiểm thử hiệu năng, kiểm thử tải và kiểm thử bảo mật cơ bản",
SC6241_L10,10,Kiểm thử trong DevOps và CI/CD,
SC6241_L11,11,"Kiểm thử trên di động, đa nền tầng và kiểm thử khả dụng",
SC6241_L12,12,"Quản lý lỗi, đo lường chất lượng và các xu hướng mới trong kiểm thử",
SC6241_L13,13,Tổng quan về Kiểm thử và vai trò kiểm thử trong phát triển phần mềm,
SC6241_L14,14,Quy trình kiểm thử và tài liệu kiểm thử theo chuẩn,
SC6241_L15,15,Kỹ thuật thiết kế kiểm thử - kiểm thử hộp đen,
SC6241_L16,16,Kiểm thử hộp trắng và kiểm thử mức đơn vị,
SC6241_L17,17,Kiểm thử tích hợp và Kiểm thử hệ thống,
SC6241_L18,18,Kiểm thử API,
SC6241_L19,19,dịch vụ web,
SC6241_L20,20,Kiểm thử tự động (Automation),
SC6241_L21,21,"Kiểm thử hiệu năng, kiểm thử tải và kiểm thử bảo mật cơ bản",
SC6241_L22,22,Kiểm thử trong DevOps và CI/CD,
SC6241_L23,23,"Kiểm thử trên di động, đa nền tầng và kiểm thử khả dụng",
SC6241_L24,24,"Quản lý lỗi, đo lường chất lượng và các xu hướng mới trong kiểm thử",
SC6244_L1,1,Tổng quan về TTNT và không gian trạng thái,
SC6244_L2,2,Các phương pháp tìm kiếm,
SC6244_L3,3,Biểu diễn và xử lý tri thức bằng logic,
SC6244_L4,4,Học máy cơ bản,
SC6244_L5,5,"Hồi quy tuyến tính, logistic",
SC6244_L6,6,Học bằng mạng noron một lớp,
SC6244_L7,7,Học bằng mạng,
SC6244_L8,8,noron nhiều lớp,
SC6244_L9,9,Thực nghiệm sử dụng công cụ,
SC6244_L10,10,Thực nghiệm biểu diễn không gian trạng thái,
SC6244_L11,11,Thực nghiệm bài toán tìm kiếm,
SC6244_L12,12,Thực nghiệm biểu diễn và xử lý tri thức bằng logic,
SC6244_L13,13,Thực nghiệm học máy cơ bản,
SC6244_L14,14,Thực nghiệm mạng noron,
SC6244_L15,15,Tổng quan về TTNT và không gian trạng thái,
SC6244_L16,16,Các phương pháp tìm kiếm,
SC6244_L17,17,Biểu diễn và xử lý tri thức bằng logic,
SC6244_L18,18,Học máy cơ bản,
SC6244_L19,19,"Hồi quy tuyến tính, logistic",
SC6244_L20,20,Học bằng mạng noron một lớp,
SC6244_L21,21,Học bằng mạng,
SC6244_L22,22,noron nhiều lớp,
SC6244_L23,23,Thực nghiệm sử dụng công cụ,
SC6244_L24,24,Thực nghiệm biểu diễn không gian trạng thái,
SC6244_L25,25,Thực nghiệm bài toán tìm kiếm,
SC6244_L26,26,Thực nghiệm biểu diễn và xử lý tri thức bằng logic,
SC6244_L27,27,Thực nghiệm học máy cơ bản,
SC6244_L28,28,Thực nghiệm mạng noron,
SC6260_L1,1,Khởi tạo dự án/đề tài,
SC6260_L2,2,Lập kế hoạch thực hiện dự án/đề tài,
SC6260_L3,3,Triển khai thực hiện dự án/đề tài,
SC6260_L4,4,Đánh giá sản phẩm (dự án/đề tài),
SC6260_L5,5,"Tổng hợp, báo cáo kết quả thực hiện đề tài",
SC6260_L6,6,Khởi tạo dự án/đề tài,
SC6260_L7,7,Lập kế hoạch thực hiện dự án/đề tài,
SC6260_L8,8,Triển khai thực hiện dự án/đề tài,
SC6260_L9,9,Đánh giá sản phẩm (dự án/đề tài),
SC6260_L10,10,"Tổng hợp, báo cáo kết quả thực hiện đề tài",
SC6261_L1,1,Tổng quan về tương tác người – máy.,
SC6261_L2,2,Nghiên cứu người dùng.,
SC6261_L3,3,Nghiên cứu người dùng (tiếp).,
SC6261_L4,4,"Sketching, Wireframe, Mockup, Prototype.",
SC6261_L5,5,Thiết kế giao diện và tương tác cho ứng dụng desktop.,
SC6261_L6,6,Thiết kế giao diện và tương tác cho ứng dụng web.,
SC6261_L7,7,Thiết kế giao diện và tương tác cho ứng dụng web (tiếp).,
SC6261_L8,8,Thiết kế giao diện và tương tác cho ứng dụng mobile.,
SC6261_L9,9,Thử nghiệm người dùng và đánh giá.,
SC6261_L10,10,Khả năng của con người.,
SC6261_L11,11,Thực hành.,
SC6261_L12,12,Thực hành,
SC6261_L13,13,Tổng quan về tương tác người – máy.,
SC6261_L14,14,Nghiên cứu người dùng.,
SC6261_L15,15,Nghiên cứu người dùng (tiếp).,
SC6261_L16,16,"Sketching, Wireframe, Mockup, Prototype.",
SC6261_L17,17,Thiết kế giao diện và tương tác cho ứng dụng desktop.,
SC6261_L18,18,Thiết kế giao diện và tương tác cho ứng dụng web.,
SC6261_L19,19,Thiết kế giao diện và tương tác cho ứng dụng web (tiếp).,
SC6261_L20,20,Thiết kế giao diện và tương tác cho ứng dụng mobile.,
SC6261_L21,21,Thử nghiệm người dùng và đánh giá.,
SC6261_L22,22,Khả năng của con người.,
SC6261_L23,23,Thực hành.,
SC6261_L24,24,Thực hành,
SC6262_L1,1,Lập trình hướng đối tượng với PHP,
SC6262_L2,2,Lập trình hướng đối tượng với PHP (tiếp theo),
SC6262_L3,3,Thực hành lập trình hướng đối tượng với PHP,
SC6262_L4,4,Lập trình theo mô hình Model - View - Controller với PHP,
SC6262_L5,5,Lập trình theo mô hình Model - View - Controller với PHP (tiếp theo),
SC6262_L6,6,Model - View - Controller với PHP,
SC6262_L7,7,Phát triển ứng dụng web với framework,
SC6262_L8,8,Phát triển ứng dụng web với framework (tiếp theo),
SC6262_L9,9,Thực hành xây dựng ứng dụng với framework,
SC6262_L10,10,Kết nối cơ sở dữ liệu nâng cao và bảo mật ứng dụng với PHP,
SC6262_L11,11,Kết nối cơ sở dữ liệu nâng cao và bảo mật ứng dụng với PHP (tiếp theo),
SC6262_L12,12,Thực hành lập trình kết nối cơ sở dữ liệu nâng cao và bảo mật ứng dụng với PHP (Kiểm tra thường xuyên 2),
SC6262_L13,13,Thiết kế ứng dụng web hoàn chỉnh,
SC6262_L14,14,Thiết kế ứng dụng web hoàn chỉnh (tiếp theo),
SC6262_L15,15,Thực hành phát triển ứng dụng web hoàn chỉnh,
SC6262_L16,16,Lập trình hướng đối tượng với PHP,
SC6262_L17,17,Lập trình hướng đối tượng với PHP (tiếp theo),
SC6262_L18,18,Thực hành lập trình hướng đối tượng với PHP,
SC6262_L19,19,Lập trình theo mô hình Model - View - Controller với PHP,
SC6262_L20,20,Lập trình theo mô hình Model - View - Controller với PHP (tiếp theo),
SC6262_L21,21,Model - View - Controller với PHP,
SC6262_L22,22,Phát triển ứng dụng web với framework,
SC6262_L23,23,Phát triển ứng dụng web với framework (tiếp theo),
SC6262_L24,24,Thực hành xây dựng ứng dụng với framework,
SC6262_L25,25,Kết nối cơ sở dữ liệu nâng cao và bảo mật ứng dụng với PHP,
SC6262_L26,26,Kết nối cơ sở dữ liệu nâng cao và bảo mật ứng dụng với PHP (tiếp theo),
SC6262_L27,27,Thực hành lập trình kết nối cơ sở dữ liệu nâng cao và bảo mật ứng dụng với PHP (Kiểm tra thường xuyên 2),
SC6262_L28,28,Thiết kế ứng dụng web hoàn chỉnh,
SC6262_L29,29,Thiết kế ứng dụng web hoàn chỉnh (tiếp theo),
SC6262_L30,30,Thực hành phát triển ứng dụng web hoàn chỉnh,
SC6263_L1,1,1,
SC6263_L2,2,Giới thiệu về Jquery,
SC6263_L3,3,Các hiệu ứng của Jquery,
SC6263_L4,4,Thực hành các hiệu ứng của Jquery,
SC6263_L5,5,Tương tác của Jquery với HTML,
SC6263_L6,6,Thực hành tương tác của Jquery với HTML,
SC6263_L7,7,Duyệt tài liệu HTML với Jquery,
SC6263_L8,8,Thực hành duyệt tài liệu HTML với Jquery,
SC6263_L9,9,Kết hợp Jquery với Ajax,
SC6263_L10,10,Thực hành kết hợp Jquery với Ajax,
SC6263_L11,11,Giới thiệu về Bootstrap,
SC6263_L12,12,Các thành phần trong Bootstrap,
SC6263_L13,13,Thực hành các thành phần trong Bootstrap,
SC6263_L14,14,Biểu mẫu trong Bootstrap,
SC6263_L15,15,Thực hành biểu mẫu trong Bootstrap,
SC6263_L16,16,1,
SC6263_L17,17,Giới thiệu về Jquery,
SC6263_L18,18,Các hiệu ứng của Jquery,
SC6263_L19,19,Thực hành các hiệu ứng của Jquery,
SC6263_L20,20,Tương tác của Jquery với HTML,
SC6263_L21,21,Thực hành tương tác của Jquery với HTML,
SC6263_L22,22,Duyệt tài liệu HTML với Jquery,
SC6263_L23,23,Thực hành duyệt tài liệu HTML với Jquery,
SC6263_L24,24,Kết hợp Jquery với Ajax,
SC6263_L25,25,Thực hành kết hợp Jquery với Ajax,
SC6263_L26,26,Giới thiệu về Bootstrap,
SC6263_L27,27,Các thành phần trong Bootstrap,
SC6263_L28,28,Thực hành các thành phần trong Bootstrap,
SC6263_L29,29,Biểu mẫu trong Bootstrap,
SC6263_L30,30,Thực hành biểu mẫu trong Bootstrap,
SC6265_L1,1,Giới thiệu về Python và các lệnh cơ bản.,
SC6265_L2,2,Functions và Modules,
SC6265_L3,3,Các cấu trúc dữ liệu,
SC6265_L4,4,Lập trình hướng đối tượng với Python: Các tính chất đặc trưng,
SC6265_L5,5,Cài đặt và sử dụng Python cơ bản,
SC6265_L6,6,Thực hành Functions và Modules,
SC6265_L7,7,Thao tác trên các cấu trúc dữ liệu,
SC6265_L8,8,Ôn tập Lập trình Python cơ bản và thao tác trên cấu trúc dữ liệu,
SC6265_L9,9,Xử lý file dữ liệu và nhập xuất dữ liệu,
SC6265_L10,10,Thực hành Lập trình hướng đối tượng với Python: Các khái niệm cơ bản,
SC6265_L11,11,Thực hành Lập trình hướng đối tượng với Python: Các tính chất đặc trưng,
SC6265_L12,12,Ôn tập Xử lý nhập/xuất file dữ liệu và lập trình hướng đối tượng,
SC6265_L13,13,Giới thiệu về Python và các lệnh cơ bản.,
SC6265_L14,14,Functions và Modules,
SC6265_L15,15,Các cấu trúc dữ liệu,
SC6265_L16,16,Lập trình hướng đối tượng với Python: Các tính chất đặc trưng,
SC6265_L17,17,Cài đặt và sử dụng Python cơ bản,
SC6265_L18,18,Thực hành Functions và Modules,
SC6265_L19,19,Thao tác trên các cấu trúc dữ liệu,
SC6265_L20,20,Ôn tập Lập trình Python cơ bản và thao tác trên cấu trúc dữ liệu,
SC6265_L21,21,Xử lý file dữ liệu và nhập xuất dữ liệu,
SC6265_L22,22,Thực hành Lập trình hướng đối tượng với Python: Các khái niệm cơ bản,
SC6265_L23,23,Thực hành Lập trình hướng đối tượng với Python: Các tính chất đặc trưng,
SC6265_L24,24,Ôn tập Xử lý nhập/xuất file dữ liệu và lập trình hướng đối tượng,
SC6266_L1,1,Lập trình hướng đối tượng với Python,
SC6266_L2,2,Lập trình với XML và JSON,
SC6266_L3,3,Lập trình GUI – Phần 1,
SC6266_L4,4,Lập trình GUI – Phần 2,
SC6266_L5,5,Lập trình cơ sở dữ liệu – Phần 1,
SC6266_L6,6,Lập trình cơ sở dữ liệu – Phần 2,
SC6266_L7,7,Thực hành: XML và,
SC6266_L8,8,Thực hành: Lập trình GUI,
SC6266_L9,9,Thực hành: Lập trình DB,
SC6266_L10,10,Thực hành: Bài tập tổng hợp,
SC6266_L11,11,Lập trình hướng đối tượng với Python,
SC6266_L12,12,Lập trình với XML và JSON,
SC6266_L13,13,Lập trình GUI – Phần 1,
SC6266_L14,14,Lập trình GUI – Phần 2,
SC6266_L15,15,Lập trình cơ sở dữ liệu – Phần 1,
SC6266_L16,16,Lập trình cơ sở dữ liệu – Phần 2,
SC6266_L17,17,Thực hành: XML và,
SC6266_L18,18,Thực hành: Lập trình GUI,
SC6266_L19,19,Thực hành: Lập trình DB,
SC6266_L20,20,Thực hành: Bài tập tổng hợp,
SC6267_L1,1,Khởi tạo đề tài,
SC6267_L2,2,Lập kế hoạch thực hiện đề tài,
SC6267_L3,3,Triển khai thực hiện đề tài,
SC6267_L4,4,Xây dựng tài liệu đề tài,
SC6267_L5,5,Thuyết trình đề tài,
SC6267_L6,6,Khởi tạo đề tài,
SC6267_L7,7,Lập kế hoạch thực hiện đề tài,
SC6267_L8,8,Triển khai thực hiện đề tài,
SC6267_L9,9,Xây dựng tài liệu đề tài,
SC6267_L10,10,Thuyết trình đề tài,
SC6268_L1,1,Tổng quan về phân tích nghiệp vụ,
SC6268_L2,2,Vai trò của BA trong quy trình phát triển phần mềm,
SC6268_L3,3,Lập kế hoạch phân tích nghiệp vụ,
SC6268_L4,4,Thu thập yêu cầu từ các bên liên quan,
SC6268_L5,5,Thực hành: Xây dựng tài liệu báo cáo khảo sát yêu cầu,
SC6268_L6,6,Phân tích quy trình nghiệp vụ,
SC6268_L7,7,Phân tích dữ liệu nghiệp vụ,
SC6268_L8,8,Thực hành: Xây dựng tài liệu phân tích và đặc tả yêu cầu,
SC6268_L9,9,Quản lý yêu cầu nghiệp vụ,
SC6268_L10,10,Thực hành: Các kỹ thuật quản lý yêu cầu,
SC6268_L11,11,Xây dựng nguyên mẫu nghiệp vụ,
SC6268_L12,12,Thực hành: Xây dựng tài liệu thiết kế nguyên mẫu,
SC6268_L13,13,Phân tích vấn đề nghiệp vụ và hiện trạng tổ chức,
SC6268_L14,14,Đánh giá giải pháp phát triển phần mềm,
SC6268_L15,15,Thực hành: Xây dựng tài liệu đánh giá giải pháp,
SC6268_L16,16,Thường xuyên 1,
SC6268_L17,17,Thường xuyên 2,
SC6268_L18,18,Cuối kì,
SC6268_L19,19,Tổng quan về phân tích nghiệp vụ,
SC6268_L20,20,Vai trò của BA trong quy trình phát triển phần mềm,
SC6268_L21,21,Lập kế hoạch phân tích nghiệp vụ,
SC6268_L22,22,Thu thập yêu cầu từ các bên liên quan,
SC6268_L23,23,Thực hành: Xây dựng tài liệu báo cáo khảo sát yêu cầu,
SC6268_L24,24,Phân tích quy trình nghiệp vụ,
SC6268_L25,25,Phân tích dữ liệu nghiệp vụ,
SC6268_L26,26,Thực hành: Xây dựng tài liệu phân tích và đặc tả yêu cầu,
SC6268_L27,27,Quản lý yêu cầu nghiệp vụ,
SC6268_L28,28,Thực hành: Các kỹ thuật quản lý yêu cầu,
SC6268_L29,29,Xây dựng nguyên mẫu nghiệp vụ,
SC6268_L30,30,Thực hành: Xây dựng tài liệu thiết kế nguyên mẫu,
SC6268_L31,31,Phân tích vấn đề nghiệp vụ và hiện trạng tổ chức,
SC6268_L32,32,Đánh giá giải pháp phát triển phần mềm,
SC6268_L33,33,Thực hành: Xây dựng tài liệu đánh giá giải pháp,
SC6268_L34,34,Thường xuyên 1,
SC6268_L35,35,Thường xuyên 2,
SC6268_L36,36,Cuối kì,
