clo_id,ma_cdr_goc,noi_dung,pi_so,muc_do
BM6001_CLO1,CLO1,"Trình bày được các khái niệm cơ bản, quy luật kinh tế cốt lõi và các vấn đề về sự khan hiếm nguồn lực trong nền kinh tế.",,
BM6001_CLO2,CLO2,"Giải thích và phân tích được lý thuyết cung – cầu, sự cân bằng thị trường và tác động từ sự can thiệp của chính phủ vào thị trường.",,
BM6001_CLO3,CLO3,"Vận dụng lý thuyết về hành vi người tiêu dùng, lý thuyết sản xuất và lý thuyết chi phí để đưa ra các quyết định tối ưu trong kinh doanh.",,
BM6001_CLO4,CLO4,"Mô tả và tính toán được các chỉ tiêu đo lường kinh tế vĩ mô cơ bản như GDP, GNP và mối quan hệ giữa tăng trưởng, lạm phát, thất nghiệp.",,
BM6001_CLO5,CLO5,Đánh giá và giải thích được tác động của các biến động kinh tế vĩ mô đến hoạt động sản xuất kinh doanh của doanh nghiệp.,,
BM6001_CLO1,CLO1,"Trình bày được các khái niệm cơ bản, quy luật kinh tế cốt lõi và các vấn đề về sự khan hiếm nguồn lực trong nền kinh tế.",,
BM6001_CLO2,CLO2,"Giải thích và phân tích được lý thuyết cung – cầu, sự cân bằng thị trường và tác động từ sự can thiệp của chính phủ vào thị trường.",,
BM6001_CLO3,CLO3,"Vận dụng lý thuyết về hành vi người tiêu dùng, lý thuyết sản xuất và lý thuyết chi phí để đưa ra các quyết định tối ưu trong kinh doanh.",,
BM6001_CLO4,CLO4,"Mô tả và tính toán được các chỉ tiêu đo lường kinh tế vĩ mô cơ bản như GDP, GNP và mối quan hệ giữa tăng trưởng, lạm phát, thất nghiệp.",,
BM6001_CLO5,CLO5,Đánh giá và giải thích được tác động của các biến động kinh tế vĩ mô đến hoạt động sản xuất kinh doanh của doanh nghiệp.,,
BM6091_CLO1,CLO1,"Trình bày được các khái niệm cơ bản, đặc điểm của dự án và nội dung công tác quản lý dự án trong các tổ chức.",,
BM6091_CLO2,CLO2,"Phân tích và áp dụng được các mô hình tổ chức đội ngũ, vai trò và trách nhiệm của giám đốc quản lý dự án.",,
BM6091_CLO3,CLO3,"Sử dụng thành thạo các công cụ kỹ thuật như mạng công việc, biểu đồ PERT, biểu đồ GANTT để lập và quản lý thời gian, tiến độ dự án.",,
BM6091_CLO4,CLO4,"Thực hiện phân phối nguồn lực, lập dự toán ngân sách và quản lý chi phí dự án hiệu quả.",,
BM6091_CLO5,CLO5,"Đánh giá và áp dụng các tiêu chuẩn, nội dung quản lý chất lượng dự án nhằm đảm bảo đạt được các mục tiêu đề ra.",,
BM6091_CLO1,CLO1,"Trình bày được các khái niệm cơ bản, đặc điểm của dự án và nội dung công tác quản lý dự án trong các tổ chức.",,
BM6091_CLO2,CLO2,"Phân tích và áp dụng được các mô hình tổ chức đội ngũ, vai trò và trách nhiệm của giám đốc quản lý dự án.",,
BM6091_CLO3,CLO3,"Sử dụng thành thạo các công cụ kỹ thuật như mạng công việc, biểu đồ PERT, biểu đồ GANTT để lập và quản lý thời gian, tiến độ dự án.",,
BM6091_CLO4,CLO4,"Thực hiện phân phối nguồn lực, lập dự toán ngân sách và quản lý chi phí dự án hiệu quả.",,
BM6091_CLO5,CLO5,"Đánh giá và áp dụng các tiêu chuẩn, nội dung quản lý chất lượng dự án nhằm đảm bảo đạt được các mục tiêu đề ra.",,
BS6001_L1,L1,Trình bày được các kiến thức cơ bản. Giải được các bài toán cơ bản của Đại số tuyến tính.,,
BS6001_L2,L2,"Nhận dạng, phân loại được các bài toán. Vận dụng các kiến thức để giải được các bài tập có liên quan",,
BS6001_L1,L1,Trình bày được các kiến thức cơ bản. Giải được các bài toán cơ bản của Đại số tuyến tính.,,
BS6001_L2,L2,"Nhận dạng, phân loại được các bài toán. Vận dụng các kiến thức để giải được các bài tập có liên quan",,
BS6018_CLO1,CLO1,"Hiểu rõ bản chất, chức năng, vai trò của giao tiếp và các hình thức, phương tiện, phong cách giao tiếp thường gặp trong môi trường công sở.",,
BS6018_CLO2,CLO2,"Nhận diện và phân tích được các yếu tố ảnh hưởng đến giao tiếp trong môi trường làm việc đa văn hóa, đa tôn giáo và đa thế hệ.",,
BS6018_CLO3,CLO3,Thực hiện thành thạo các kỹ năng cốt lõi trong giao tiếp gồm kỹ năng lắng nghe và kỹ năng đặt câu hỏi để thấu hiểu và thu thập thông tin hiệu quả.,,
BS6018_CLO4,CLO4,"Vận dụng các kỹ năng xử lý, giải quyết xung đột và kỹ năng viết báo cáo để giải quyết các vấn đề phát sinh trong công việc.",,
BS6018_CLO5,CLO5,Thiết lập và duy trì các mối quan hệ giao tiếp chuyên nghiệp với đồng nghiệp và đối tác thông qua kỹ năng diễn thuyết thuyết phục trong công việc.,,
BS6018_CLO1,CLO1,"Hiểu rõ bản chất, chức năng, vai trò của giao tiếp và các hình thức, phương tiện, phong cách giao tiếp thường gặp trong môi trường công sở.",,
BS6018_CLO2,CLO2,"Nhận diện và phân tích được các yếu tố ảnh hưởng đến giao tiếp trong môi trường làm việc đa văn hóa, đa tôn giáo và đa thế hệ.",,
BS6018_CLO3,CLO3,Thực hiện thành thạo các kỹ năng cốt lõi trong giao tiếp gồm kỹ năng lắng nghe và kỹ năng đặt câu hỏi để thấu hiểu và thu thập thông tin hiệu quả.,,
BS6018_CLO4,CLO4,"Vận dụng các kỹ năng xử lý, giải quyết xung đột và kỹ năng viết báo cáo để giải quyết các vấn đề phát sinh trong công việc.",,
BS6018_CLO5,CLO5,Thiết lập và duy trì các mối quan hệ giao tiếp chuyên nghiệp với đồng nghiệp và đối tác thông qua kỹ năng diễn thuyết thuyết phục trong công việc.,,
BS6019_CLO1,CLO1,"Trình bày được các khái niệm cơ bản, tổng quan về nghiên cứu khoa học và quy trình thực hiện một nghiên cứu khoa học chuẩn mực.",,
BS6019_CLO2,CLO2,Vận dụng được các phương pháp nghiên cứu định tính và định lượng vào việc xác định chủ đề và thiết kế đề cương nghiên cứu khoa học.,,
BS6019_CLO3,CLO3,"Thực hiện được việc thu thập, xử lý và phân tích dữ liệu định tính và định lượng thu được trong quá trình nghiên cứu.",,
BS6019_CLO4,CLO4,"Soạn thảo và viết hoàn chỉnh báo cáo nghiên cứu khoa học, tiểu luận hoặc đồ án/khóa luận tốt nghiệp theo đúng cấu trúc quy định.",,
BS6019_CLO5,CLO5,Thuyết trình và bảo vệ thành công kết quả nghiên cứu khoa học trước hội đồng hoặc tập thể.,,
BS6019_CLO1,CLO1,"Trình bày được các khái niệm cơ bản, tổng quan về nghiên cứu khoa học và quy trình thực hiện một nghiên cứu khoa học chuẩn mực.",,
BS6019_CLO2,CLO2,Vận dụng được các phương pháp nghiên cứu định tính và định lượng vào việc xác định chủ đề và thiết kế đề cương nghiên cứu khoa học.,,
BS6019_CLO3,CLO3,"Thực hiện được việc thu thập, xử lý và phân tích dữ liệu định tính và định lượng thu được trong quá trình nghiên cứu.",,
BS6019_CLO4,CLO4,"Soạn thảo và viết hoàn chỉnh báo cáo nghiên cứu khoa học, tiểu luận hoặc đồ án/khóa luận tốt nghiệp theo đúng cấu trúc quy định.",,
BS6019_CLO5,CLO5,Thuyết trình và bảo vệ thành công kết quả nghiên cứu khoa học trước hội đồng hoặc tập thể.,,
BS6020_CLO1,CLO1,"Trình bày được bản chất, các thuộc tính, nội dung, hình thức và nguyên tắc cơ bản của quan hệ lao động.",,
BS6020_CLO2,CLO2,Phân tích được vai trò của các chủ thể và các nhân tố kinh tế - xã hội ảnh hưởng đến quan hệ lao động và việc làm.,,
BS6020_CLO3,CLO3,"Vận dụng được các quy định và cơ chế về hợp đồng lao động, đối thoại xã hội và thương lượng tập thể trong thực tiễn doanh nghiệp.",,
BS6020_CLO4,CLO4,"Đánh giá được thực trạng việc làm, các giải pháp giải quyết việc làm và tham khảo mô hình quan hệ lao động của một số nước trên thế giới.",,
BS6020_CLO5,CLO5,Thực hiện thành thạo quy trình phỏng vấn xin việc và đáp ứng các yêu cầu của thị trường lao động hiện đại.,,
BS6020_CLO1,CLO1,"Trình bày được bản chất, các thuộc tính, nội dung, hình thức và nguyên tắc cơ bản của quan hệ lao động.",,
BS6020_CLO2,CLO2,Phân tích được vai trò của các chủ thể và các nhân tố kinh tế - xã hội ảnh hưởng đến quan hệ lao động và việc làm.,,
BS6020_CLO3,CLO3,"Vận dụng được các quy định và cơ chế về hợp đồng lao động, đối thoại xã hội và thương lượng tập thể trong thực tiễn doanh nghiệp.",,
BS6020_CLO4,CLO4,"Đánh giá được thực trạng việc làm, các giải pháp giải quyết việc làm và tham khảo mô hình quan hệ lao động của một số nước trên thế giới.",,
BS6020_CLO5,CLO5,Thực hiện thành thạo quy trình phỏng vấn xin việc và đáp ứng các yêu cầu của thị trường lao động hiện đại.,,
BS6021_CLO1,CLO1,"Trình bày được các khái niệm cơ bản về môi trường, mối quan hệ giữa con người, hệ sinh thái và các dạng tài nguyên thiên nhiên (đất, nước, năng lượng, khoáng sản, rừng và sinh vật).",,
BS6021_CLO2,CLO2,"Phân tích được thực trạng các vấn đề môi trường toàn cầu và hiện trạng ô nhiễm môi trường (đất, nước, không khí) ở Việt Nam dưới tác động của công nghiệp hóa, đô thị hóa và các hoạt động của con người.",,
BS6021_CLO3,CLO3,Vận dụng được các cách tiếp cận về bảo vệ môi trường và phát triển bền vững để giải quyết các vấn đề thực tiễn liên quan đến khai thác tài nguyên và quản lý chất thải.,,
BS6021_CLO4,CLO4,"Đề xuất được các biện pháp cụ thể và khả thi nhằm bảo vệ môi trường, bảo tồn tài nguyên thiên nhiên tại địa phương hoặc trong đời sống hằng ngày.",,
BS6021_CLO5,CLO5,"Thể hiện thái độ trách nhiệm, chủ động và tích cực tham gia các hoạt động bảo vệ môi trường, lan tỏa lối sống thân thiện với môi trường.",,
BS6021_CLO1,CLO1,"Trình bày được các khái niệm cơ bản về môi trường, mối quan hệ giữa con người, hệ sinh thái và các dạng tài nguyên thiên nhiên (đất, nước, năng lượng, khoáng sản, rừng và sinh vật).",,
BS6021_CLO2,CLO2,"Phân tích được thực trạng các vấn đề môi trường toàn cầu và hiện trạng ô nhiễm môi trường (đất, nước, không khí) ở Việt Nam dưới tác động của công nghiệp hóa, đô thị hóa và các hoạt động của con người.",,
BS6021_CLO3,CLO3,Vận dụng được các cách tiếp cận về bảo vệ môi trường và phát triển bền vững để giải quyết các vấn đề thực tiễn liên quan đến khai thác tài nguyên và quản lý chất thải.,,
BS6021_CLO4,CLO4,"Đề xuất được các biện pháp cụ thể và khả thi nhằm bảo vệ môi trường, bảo tồn tài nguyên thiên nhiên tại địa phương hoặc trong đời sống hằng ngày.",,
BS6021_CLO5,CLO5,"Thể hiện thái độ trách nhiệm, chủ động và tích cực tham gia các hoạt động bảo vệ môi trường, lan tỏa lối sống thân thiện với môi trường.",,
BS6038_L1,L1,"Trình bày được các kiến thức cơ bản, giải được các bài toán cơ bản của Giải tích.",,
BS6038_L2,L2,Nhận dạng được một số mô hình bài toán trong khoa học kỹ thuật. Vận dụng các kiến thức để giải được một số bài toán trong khoa học kỹ thuật.,,
BS6038_L1,L1,"Trình bày được các kiến thức cơ bản, giải được các bài toán cơ bản của Giải tích.",,
BS6038_L2,L2,Nhận dạng được một số mô hình bài toán trong khoa học kỹ thuật. Vận dụng các kiến thức để giải được một số bài toán trong khoa học kỹ thuật.,,
BS6042_L1,L1,"Vận dụng được các kiến thức cơ bản về đại lượng ngẫu nhiên, đặc trưng của đại lượng ngẫu nhiên và một số phân phối xác suất thường gặp vào các bài toán tính toán cơ bản.",,
BS6042_L3,L3,"Áp dụng thành thạo các kiến thức về hàm của các đại lượng ngẫu nhiên, véc tơ ngẫu nhiên để giải được các bài toán có yếu tố liên quan thực tế hoặc các bài toán liên quan chuyên ngành.",,
BS6042_L2,L2,"Nhận dạng, phân loại được các bài toán. Vận dụng kiến thức để giải được các bài tập có liên quan.",,
BS6042_L1,L1,"Vận dụng được các kiến thức cơ bản về đại lượng ngẫu nhiên, đặc trưng của đại lượng ngẫu nhiên và một số phân phối xác suất thường gặp vào các bài toán tính toán cơ bản.",,
BS6042_L3,L3,"Áp dụng thành thạo các kiến thức về hàm của các đại lượng ngẫu nhiên, véc tơ ngẫu nhiên để giải được các bài toán có yếu tố liên quan thực tế hoặc các bài toán liên quan chuyên ngành.",,
BS6042_L2,L2,"Nhận dạng, phân loại được các bài toán. Vận dụng kiến thức để giải được các bài tập có liên quan.",,
BS6050_CLO1,CLO1,"Trình bày được tổng quan về âm nhạc, khái quát lịch sử hình thành và phát triển của âm nhạc thế giới và âm nhạc Việt Nam.",,
BS6050_CLO2,CLO2,Nhận diện và phân biệt được các thể loại âm nhạc khác nhau trong đời sống.,,
BS6050_CLO3,CLO3,"Vận dụng được các kiến thức lý thuyết cơ bản về tiết tấu, nhịp phách, quãng, hợp âm và cách đọc bản nhạc vào thực tế.",,
BS6050_CLO4,CLO4,Thực hành thành thạo một số tiết tấu cơ bản và kỹ năng chơi nhạc trên đàn Piano ở mức độ nhập môn.,,
BS6050_CLO5,CLO5,"Thể hiện khả năng cảm thụ nghệ thuật, âm nhạc và phát triển kỹ năng làm việc nhóm, kỹ năng xã hội nhằm thích ứng với môi trường làm việc và nâng cao chất lượng cuộc sống.",,
BS6050_CLO1,CLO1,"Trình bày được tổng quan về âm nhạc, khái quát lịch sử hình thành và phát triển của âm nhạc thế giới và âm nhạc Việt Nam.",,
BS6050_CLO2,CLO2,Nhận diện và phân biệt được các thể loại âm nhạc khác nhau trong đời sống.,,
BS6050_CLO3,CLO3,"Vận dụng được các kiến thức lý thuyết cơ bản về tiết tấu, nhịp phách, quãng, hợp âm và cách đọc bản nhạc vào thực tế.",,
BS6050_CLO4,CLO4,Thực hành thành thạo một số tiết tấu cơ bản và kỹ năng chơi nhạc trên đàn Piano ở mức độ nhập môn.,,
BS6050_CLO5,CLO5,"Thể hiện khả năng cảm thụ nghệ thuật, âm nhạc và phát triển kỹ năng làm việc nhóm, kỹ năng xã hội nhằm thích ứng với môi trường làm việc và nâng cao chất lượng cuộc sống.",,
BS6051_CLO1,CLO1,"Trình bày được những kiến thức cơ bản về khái niệm, nguồn gốc, vai trò và các chức năng xã hội của nghệ thuật.",,
BS6051_CLO2,CLO2,"Phân tích được khái niệm hình tượng nghệ thuật, mối quan hệ giữa nội dung và hình thức trong tác phẩm nghệ thuật.",,
BS6051_CLO3,CLO3,"Nhận diện và phân biệt được đặc điểm hình thức, ngôn ngữ của các loại hình nghệ thuật tiêu biểu như kiến trúc, điêu khắc, hội họa, múa, sân khấu, điện ảnh và văn học.",,
BS6051_CLO4,CLO4,Vận dụng kỹ năng thưởng thức nghệ thuật để đánh giá các tác phẩm nghệ thuật cụ thể trong đời sống.,,
BS6051_CLO5,CLO5,Hiểu và vận dụng được một số hình thức cơ bản của giáo dục thẩm mỹ vào thực tiễn đời sống và học tập.,,
BS6051_CLO1,CLO1,"Trình bày được những kiến thức cơ bản về khái niệm, nguồn gốc, vai trò và các chức năng xã hội của nghệ thuật.",,
BS6051_CLO2,CLO2,"Phân tích được khái niệm hình tượng nghệ thuật, mối quan hệ giữa nội dung và hình thức trong tác phẩm nghệ thuật.",,
BS6051_CLO3,CLO3,"Nhận diện và phân biệt được đặc điểm hình thức, ngôn ngữ của các loại hình nghệ thuật tiêu biểu như kiến trúc, điêu khắc, hội họa, múa, sân khấu, điện ảnh và văn học.",,
BS6051_CLO4,CLO4,Vận dụng kỹ năng thưởng thức nghệ thuật để đánh giá các tác phẩm nghệ thuật cụ thể trong đời sống.,,
BS6051_CLO5,CLO5,Hiểu và vận dụng được một số hình thức cơ bản của giáo dục thẩm mỹ vào thực tiễn đời sống và học tập.,,
BS6052_CLO1,CLO1,"Trình bày được khái niệm, nguồn gốc, vai trò của mỹ thuật và khái quát lịch sử mỹ thuật Việt Nam cũng như thế giới.",,
BS6052_CLO2,CLO2,"Phân tích được ngôn ngữ và các thể loại cơ bản của hội họa, điêu khắc và đồ họa trong mỹ thuật.",,
BS6052_CLO3,CLO3,"Hiểu rõ vai trò, ý nghĩa và xu hướng thẩm mỹ của các sản phẩm mỹ thuật công nghiệp đối với sản xuất và đời sống.",,
BS6052_CLO4,CLO4,Vận dụng được các nguyên tắc thiết kế tạo dáng và thẩm mỹ để định hình kiểu dáng cho sản phẩm công nghiệp.,,
BS6052_CLO5,CLO5,Ứng dụng hiệu ứng thị giác và đồ họa vào việc thiết kế các sản phẩm công nghiệp đạt độ thẩm mỹ thích hợp.,,
BS6052_CLO1,CLO1,"Trình bày được khái niệm, nguồn gốc, vai trò của mỹ thuật và khái quát lịch sử mỹ thuật Việt Nam cũng như thế giới.",,
BS6052_CLO2,CLO2,"Phân tích được ngôn ngữ và các thể loại cơ bản của hội họa, điêu khắc và đồ họa trong mỹ thuật.",,
BS6052_CLO3,CLO3,"Hiểu rõ vai trò, ý nghĩa và xu hướng thẩm mỹ của các sản phẩm mỹ thuật công nghiệp đối với sản xuất và đời sống.",,
BS6052_CLO4,CLO4,Vận dụng được các nguyên tắc thiết kế tạo dáng và thẩm mỹ để định hình kiểu dáng cho sản phẩm công nghiệp.,,
BS6052_CLO5,CLO5,Ứng dụng hiệu ứng thị giác và đồ họa vào việc thiết kế các sản phẩm công nghiệp đạt độ thẩm mỹ thích hợp.,,
BS6054_CLO1,CLO1,"Trình bày được các khái niệm và định luật cơ bản về Cơ học chất điểm, hệ chất điểm và cơ học vật rắn.",,
BS6054_CLO2,CLO2,"Vận dụng được kiến thức về trường tĩnh điện, tụ điện, dòng điện không đổi và mạch điện thực tế vào việc giải quyết các bài toán liên quan.",,
BS6054_CLO3,CLO3,"Phân tích được các hiện tượng từ trường, cảm ứng điện từ và các hệ phương trình Maxwell của trường điện từ.",,
BS6054_CLO4,CLO4,Sử dụng thành thạo các dụng cụ đo lường vật lý để tiến hành các thí nghiệm về cơ học và điện - từ học.,,
BS6054_CLO5,CLO5,"Thực hiện xử lý số liệu thực nghiệm, tính toán sai số và phân tích kết quả đo đạc trong các bài thí nghiệm vật lý đại cương.",,
BS6054_CLO1,CLO1,"Trình bày được các khái niệm và định luật cơ bản về Cơ học chất điểm, hệ chất điểm và cơ học vật rắn.",,
BS6054_CLO2,CLO2,"Vận dụng được kiến thức về trường tĩnh điện, tụ điện, dòng điện không đổi và mạch điện thực tế vào việc giải quyết các bài toán liên quan.",,
BS6054_CLO3,CLO3,"Phân tích được các hiện tượng từ trường, cảm ứng điện từ và các hệ phương trình Maxwell của trường điện từ.",,
BS6054_CLO4,CLO4,Sử dụng thành thạo các dụng cụ đo lường vật lý để tiến hành các thí nghiệm về cơ học và điện - từ học.,,
BS6054_CLO5,CLO5,"Thực hiện xử lý số liệu thực nghiệm, tính toán sai số và phân tích kết quả đo đạc trong các bài thí nghiệm vật lý đại cương.",,
IT6202_CLO1,CLO1,Trình bày được tổng quan về kiến trúc máy tính và các thành phần cơ bản của hệ thống phần cứng.,,
IT6202_CLO2,CLO2,Phân tích và vận dụng được các khái niệm về kiến trúc tập lệnh trong thiết kế và lập trình.,,
IT6202_CLO3,CLO3,Hiểu rõ cơ chế hoạt động của đường truyền và hệ thống vào/ra để kết nối các thiết bị ngoại vi với hệ thống máy tính.,,
IT6202_CLO4,CLO4,Giải thích được cấu trúc hệ thống nhớ phân cấp và phương pháp tối ưu hóa hiệu năng truy xuất bộ nhớ.,,
IT6202_CLO5,CLO5,Đánh giá được nguyên lý hoạt động của kỹ thuật đường ống và công nghệ tập lệnh thu gọn (RISC) nhằm nâng cao hiệu năng xử lý của bộ vi xử lý.,,
IT6203_CLO1,CLO1,"Trình bày được các khái niệm cơ bản, vai trò và kiến trúc tổng quan của hệ điều hành.",,
IT6203_CLO2,CLO2,"Giải thích và áp dụng được các cơ chế quản lý tiến trình, luồng và các thuật toán lập lịch cho CPU.",,
IT6203_CLO3,CLO3,"Phân tích nguyên nhân và đề xuất phương pháp phòng ngừa, phát hiện và xử lý hiện tượng bế tắc (deadlock) trong hệ thống.",,
IT6203_CLO4,CLO4,Đánh giá và vận dụng được các kỹ thuật quản lý bộ nhớ chính và bộ nhớ ngoài của hệ điều hành.,,
IT6203_CLO5,CLO5,"Mô tả được nguyên lý quản lý thiết bị nhập/xuất và các cơ chế bảo vệ, đảm bảo an toàn cho hệ thống.",,
IT6204_L1,L1,"Áp dụng kiến thức công nghệ thông tin để xác định yêu cầu, cấu trúc và lường xử lý của hệ thống",PI 1.2,IT
IT6204_L2,L2,"Vận dụng kỹ năng làm việc nhóm để tổ chức, phối hợp và điều phối các hoạt động nhóm một cách hiệu quả trong học tập và thực tiễn.",PI 3.1;PI 3.2;PI 3.3,IT
IT6204_L3,L3,Đề xuất giải pháp thiết kế hệ thống sử dụng ngôn ngữ mô hình hóa UMLvà các công cụ thiết kế phần mềm.,PI 5.,
IT6204_L1,L1,"Áp dụng kiến thức công nghệ thông tin để xác định yêu cầu, cấu trúc và lường xử lý của hệ thống",PI 1.2,IT
IT6204_L2,L2,"Vận dụng kỹ năng làm việc nhóm để tổ chức, phối hợp và điều phối các hoạt động nhóm một cách hiệu quả trong học tập và thực tiễn.",PI 3.1;PI 3.2;PI 3.3,IT
IT6204_L3,L3,Đề xuất giải pháp thiết kế hệ thống sử dụng ngôn ngữ mô hình hóa UMLvà các công cụ thiết kế phần mềm.,PI 5.2,IT
IT6205_L1,L1,Thiết kế hoặc phân tích được bản thiết kế sản phẩm/dịch vụ/công nghệ/giai pháp cho một bài toán thực tế và thực hiện được công việc đáp ứng các yêu cầu.,PI 5.1;PI 5.2,U
IT6205_L2,L2,Xác định được rõ trách nhiệm nghề nghiệp; Đánh giá được các tình huống dựa trên các quy định của pháp luật và đạo đức nghề nghiệp.,PI 4.1;PI 4.2;PI 4.3,U
IT6205_L1,L1,Thiết kế hoặc phân tích được bản thiết kế sản phẩm/dịch·vụ/công nghệ/giai pháp cho một bài toán thực tế và.thực hiện được công việc đáp ứng các yêu cầu.,PI 5.1PI 5.2,U
IT6205_L2,L2,Xác định được rõ trách nhiệm nghề nghiệp; Đánh giá được các tình huống dựa trên các quy định của pháp luật và đạo đức nghề nghiệp.,PI 4.1PI 4.2PI 4.3,U
IT6206_L1,L1,Lựa chọn được giải pháp công nghệ thông tin có đề cấp đến khía cạnh an toàn đáp ứng các yêu cầu của bài toán thực tế.,PI 6.1,U
IT6206_L2,L2,"Phát triển, tích hợp được giải pháp phần mềm an toàn đáp ứng các yêu cầu của bài toán thực tế.",PI 6.2;PI 6.4,U
IT6206_L3,L3,Vận dụng và quản trị được hệ thống phần mềm an toàn đáp ứng các yêu cầu của bài toán thực tế.,PI 6.3;PI 6.5,U
IT6206_L1,L1,Lựa chọn được giải pháp công nghệ thông tin có đề cấp đến khía cạnh an toàn đáp ứng các yêu cầu của bài toán thực tế.,PI 6.1,U
IT6206_L2,L2,"Phát triển, tích hợp được giải pháp phần mềm an toàn đáp ứng các yêu cầu của bài toán thực tế.",PI 6.2;PI 6.4,U
IT6206_L3,L3,Vận dụng và quản trị được hệ thống phần mềm an toàn đáp ứng các yêu cầu của bài toán thực tế.,PI 6.3;PI 6.5,U
IT6207_L1,L1,"Xác định được vai trò, trách nhiệm nghề nghiệp của người làm việc trong lĩnh vực Hệ thống thông tin và hoàn thành các nhiệm vụ được giao khi tham gia các hoạt động thực tế tại doanh nghiệp.",PI 4.1,U
IT6207_L2,L2,Phân tích và đánh giá được các tình huống phát sinh trong quá trình thực tập tại doanh nghiệp công nghệ thông tin.,PI 4.,
IT6207_L3,L3,Đánh giá và lựa chọn được cách ứng xử phù hợp trong các tình huống nghề nghiệp dựa trên các nguyên tắc đạo đức nghề nghiệp và chuẩn mục xã hội trong lĩnh vực công nghệ thông tin.,PI 4.3,U
IT6207_L1,L1,"Xác định được vai trò, trách nhiệm nghề nghiệp của người làm việc trong lĩnh vực Hệ thống thông tin và hoàn thành các nhiệm vụ được giao khi tham gia các hoạt động thực tế tại doanh nghiệp.",PI 4.1,U
IT6207_L2,L2,Phân tích và đánh giá được các tình huống phát sinh trong quá trình thực tập tại doanh nghiệp công nghệ thông tin.,PI 4.,
IT6207_L3,L3,Đánh giá và lựa chọn được cách ứng xử phù hợp trong các tình huống nghề nghiệp dựa trên các nguyên tắc đạo đức nghề nghiệp và chuẩn mục xã hội trong lĩnh vực công nghệ thông tin.,PI 4.3,U
IT6208_L1,L1,Thực hiện và đánh giá được giải pháp hệ thống thông tin đáp ứng các yêu cầu điện toán cho trước bằng các kỹ thuật và phương pháp của lĩnh vực Hệ thống thông tin.,null,
IT6208_L2,L2,"Thực hiện được việc chuyển giao và vận hành hệ thống thông tin, đảm bảo hệ thống hoạt động đúng yêu cầu kỹ thuật và mục tiêu đề ra.",PI 6.1;PI 6.2,U
IT6208_L3,L3,"Quản lý được hệ thống thông tin ở mức cơ bản, bao gồm quản lý chức năng, dữ liệu, vận hành và các rủi ro trong quá trình sử dụng.",PI 6.3,U
IT6208_L1,L1,Thực hiện và đánh giá được giải pháp hệ thống thông tin đáp ứng các yêu cầu điện toán cho trước bằng các kỹ thuật và phương pháp của lĩnh vực Hệ thống thông tin.,null,
IT6208_L2,L2,"Thực hiện được việc chuyển giao và vận hành hệ thống thông tin, đảm bảo hệ thống hoạt động đúng yêu cầu kỹ thuật và mục tiêu đề ra.",PI 6.1;PI 6.2,U
IT6208_L3,L3,"Quản lý được hệ thống thông tin ở mức cơ bản, bao gồm quản lý chức năng, dữ liệu, vận hành và các rủi ro trong quá trình sử dụng.",PI 6.3,U
IT6217_L1,L1,"Giải thích được kiến thức liên quan tới nhóm ngành Máy tính và công nghệ thông tin, ngành của sinh viên theo học và biết vận dụng phương pháp học tập hiệu quả vào học tập.",,
IT6217_L2,L2,Khả năng giao tiếp trong môi trường kỹ thuật và phi kỹ thuật và khả năng thuyết trình hiệu quả,,
IT6217_L3,L3,Xác định được trách nhiệm nghề nghiệp trong thực hành điện toán và đánh giá được các tình huống dựa trên cơ sở đạo đức và pháp luật.,,
IT6217_L4,L4,"Khả năng thành lập, triển khai, điều phối nhóm làm việc hiệu quả",,
IT6218_L1,L1,Xây dựng được CSDL trên Hệ quản trị CSDL.,PI 6.2,T
IT6218_L2,L2,"Lập trình được khung nhìn, hàm, thủ tục truy vấn với CSDL trên Hệ quản trị CSDL.",PI 6.2,T
IT6218_L3,L3,"Sử dụng được hệ quản trị CSDL trong việc bảo mật thông tin, quản trị người dùng, sao lưu và phục hồi dữ liệu.",PI 6.3,U
IT6218_L1,L1,Xây dựng được CSDL trên Hệ quản trị CSDL.,PI 6.2,T
IT6218_L2,L2,"Lập trình được khung nhìn, hàm, thủ tục truy vấn với CSDL trên Hệ quản trị CSDL.",PI 6.2,T
IT6218_L3,L3,"Sử dụng được hệ quản trị CSDL trong việc bảo mật thông tin, quản trị người dùng, sao lưu và phục hồi dữ liệu.",PI 6.3,U
LP6010_CLO1,CLO1,"Trình bày được các khái niệm cơ bản, vai trò của triết học trong đời sống xã hội và quá trình hình thành, phát triển của Triết học Mác - Lênin.",,
LP6010_CLO2,CLO2,"Phân tích được nội dung của chủ nghĩa duy vật biện chứng, bao gồm vấn đề vật chất và ý thức, các nguyên lý, cặp phạm trù, quy luật cơ bản của phép biện chứng duy vật và lý luận nhận thức.",,
LP6010_CLO3,CLO3,"Vận dụng được các quan điểm của chủ nghĩa duy vật lịch sử để phân tích các hiện tượng xã hội thông qua học thuyết hình thái kinh tế - xã hội, vấn đề giai cấp, dân tộc, nhà nước và ý thức xã hội.",,
LP6010_CLO4,CLO4,Đánh giá được bản chất của con người và vai trò của con người trong lịch sử dưới góc nhìn của triết học Mác - Lênin.,,
LP6010_CLO5,CLO5,"Ứng dụng phương pháp luận biện chứng duy vật vào việc nhận thức và giải quyết các vấn đề thực tiễn trong học tập, cuộc sống và công tác chuyên môn.",,
LP6010_CLO1,CLO1,"Trình bày được các khái niệm cơ bản, vai trò của triết học trong đời sống xã hội và quá trình hình thành, phát triển của Triết học Mác - Lênin.",,
LP6010_CLO2,CLO2,"Phân tích được nội dung của chủ nghĩa duy vật biện chứng, bao gồm vấn đề vật chất và ý thức, các nguyên lý, cặp phạm trù, quy luật cơ bản của phép biện chứng duy vật và lý luận nhận thức.",,
LP6010_CLO3,CLO3,"Vận dụng được các quan điểm của chủ nghĩa duy vật lịch sử để phân tích các hiện tượng xã hội thông qua học thuyết hình thái kinh tế - xã hội, vấn đề giai cấp, dân tộc, nhà nước và ý thức xã hội.",,
LP6010_CLO4,CLO4,Đánh giá được bản chất của con người và vai trò của con người trong lịch sử dưới góc nhìn của triết học Mác - Lênin.,,
LP6010_CLO5,CLO5,"Ứng dụng phương pháp luận biện chứng duy vật vào việc nhận thức và giải quyết các vấn đề thực tiễn trong học tập, cuộc sống và công tác chuyên môn.",,
LP6021_CLO1,CLO1,"Trình bày được những vấn đề cơ bản về nguồn gốc, bản chất, chức năng của Nhà nước và Nhà nước Cộng hòa xã hội chủ nghĩa Việt Nam.",,
LP6021_CLO2,CLO2,"Phân tích được các khái niệm cơ bản về pháp luật, quy phạm pháp luật, quan hệ pháp luật, vi phạm pháp luật và trách nhiệm pháp lý trong hệ thống pháp luật Việt Nam.",,
LP6021_CLO3,CLO3,Vận dụng được các quy định cơ bản của Luật Dân sự vào việc giải quyết các quan hệ pháp luật dân sự thông thường.,,
LP6021_CLO4,CLO4,"Hiểu và nhận thức được tầm quan trọng, các quy định cơ bản của pháp luật về phòng, chống tham nhũng và quyền con người.",,
LP6021_CLO5,CLO5,Giải quyết thành thạo các tình huống pháp luật thông thường trong thực tiễn dựa trên nền tảng kiến thức pháp luật đã học.,,
LP6021_CLO6,CLO6,"Hình thành ý thức tôn trọng pháp luật, lập trường tư tưởng vững vàng và sống, làm việc theo Hiến pháp và pháp luật.",,
LP6021_CLO1,CLO1,"Trình bày được những vấn đề cơ bản về nguồn gốc, bản chất, chức năng của Nhà nước và Nhà nước Cộng hòa xã hội chủ nghĩa Việt Nam.",,
LP6021_CLO2,CLO2,"Phân tích được các khái niệm cơ bản về pháp luật, quy phạm pháp luật, quan hệ pháp luật, vi phạm pháp luật và trách nhiệm pháp lý trong hệ thống pháp luật Việt Nam.",,
LP6021_CLO3,CLO3,Vận dụng được các quy định cơ bản của Luật Dân sự vào việc giải quyết các quan hệ pháp luật dân sự thông thường.,,
LP6021_CLO4,CLO4,"Hiểu và nhận thức được tầm quan trọng, các quy định cơ bản của pháp luật về phòng, chống tham nhũng và quyền con người.",,
LP6021_CLO5,CLO5,Giải quyết thành thạo các tình huống pháp luật thông thường trong thực tiễn dựa trên nền tảng kiến thức pháp luật đã học.,,
LP6021_CLO6,CLO6,"Hình thành ý thức tôn trọng pháp luật, lập trường tư tưởng vững vàng và sống, làm việc theo Hiến pháp và pháp luật.",,
LP6022_CLO1,CLO1,"Trình bày được khái niệm, đối tượng, phương pháp nghiên cứu và cơ sở hình thành, phát triển của tư tưởng Hồ Chí Minh.",,
LP6022_CLO2,CLO2,"Phân tích được các quan điểm cơ bản của Hồ Chí Minh về độc lập dân tộc, chủ nghĩa xã hội và con đường đi lên chủ nghĩa xã hội ở Việt Nam.",,
LP6022_CLO3,CLO3,"Làm rõ tư tưởng Hồ Chí Minh về Đảng Cộng sản Việt Nam, Nhà nước pháp quyền xã hội chủ nghĩa và khối đại đoàn kết toàn dân tộc.",,
LP6022_CLO4,CLO4,"Trình bày được quan điểm của Hồ Chí Minh về văn hóa, đạo đức, xây dựng con người mới và công nghiệp hóa đất nước.",,
LP6022_CLO5,CLO5,Vận dụng được tư tưởng Hồ Chí Minh vào việc nhận thức và giải quyết các vấn đề thực tiễn của cách mạng Việt Nam trong giai đoạn hiện nay.,,
LP6022_CLO1,CLO1,"Trình bày được khái niệm, đối tượng, phương pháp nghiên cứu và cơ sở hình thành, phát triển của tư tưởng Hồ Chí Minh.",,
LP6022_CLO2,CLO2,"Phân tích được các quan điểm cơ bản của Hồ Chí Minh về độc lập dân tộc, chủ nghĩa xã hội và con đường đi lên chủ nghĩa xã hội ở Việt Nam.",,
LP6022_CLO3,CLO3,"Làm rõ tư tưởng Hồ Chí Minh về Đảng Cộng sản Việt Nam, Nhà nước pháp quyền xã hội chủ nghĩa và khối đại đoàn kết toàn dân tộc.",,
LP6022_CLO4,CLO4,"Trình bày được quan điểm của Hồ Chí Minh về văn hóa, đạo đức, xây dựng con người mới và công nghiệp hóa đất nước.",,
LP6022_CLO5,CLO5,Vận dụng được tư tưởng Hồ Chí Minh vào việc nhận thức và giải quyết các vấn đề thực tiễn của cách mạng Việt Nam trong giai đoạn hiện nay.,,
LP6025_CLO1,CLO1,"Trình bày được đối tượng, phương pháp nghiên cứu, chức năng của kinh tế chính trị Mác - Lênin và lý luận về sản xuất hàng hóa, thị trường.",,
LP6025_CLO2,CLO2,"Phân tích được bản chất của giá trị thặng dư, các hình thức biểu hiện của nó cũng như vai trò của cạnh tranh và độc quyền trong nền kinh tế thị trường.",,
LP6025_CLO3,CLO3,Làm rõ được mô hình kinh tế thị trường định hướng xã hội chủ nghĩa và giải quyết các quan hệ lợi ích kinh tế trong bối cảnh phát triển của Việt Nam.,,
LP6025_CLO4,CLO4,"Đánh giá được vai trò và thực tiễn của quá trình công nghiệp hóa, hiện đại hóa và hội nhập kinh tế quốc tế của Việt Nam.",,
LP6025_CLO5,CLO5,"Vận dụng tư duy lý luận và kiến thức kinh tế chính trị để nhận diện, giải quyết các vấn đề kinh tế - xã hội nảy sinh trong thực tiễn với lập trường tư tưởng vững vàng.",,
LP6025_CLO1,CLO1,"Trình bày được đối tượng, phương pháp nghiên cứu, chức năng của kinh tế chính trị Mác - Lênin và lý luận về sản xuất hàng hóa, thị trường.",,
LP6025_CLO2,CLO2,"Phân tích được bản chất của giá trị thặng dư, các hình thức biểu hiện của nó cũng như vai trò của cạnh tranh và độc quyền trong nền kinh tế thị trường.",,
LP6025_CLO3,CLO3,Làm rõ được mô hình kinh tế thị trường định hướng xã hội chủ nghĩa và giải quyết các quan hệ lợi ích kinh tế trong bối cảnh phát triển của Việt Nam.,,
LP6025_CLO4,CLO4,"Đánh giá được vai trò và thực tiễn của quá trình công nghiệp hóa, hiện đại hóa và hội nhập kinh tế quốc tế của Việt Nam.",,
LP6025_CLO5,CLO5,"Vận dụng tư duy lý luận và kiến thức kinh tế chính trị để nhận diện, giải quyết các vấn đề kinh tế - xã hội nảy sinh trong thực tiễn với lập trường tư tưởng vững vàng.",,
LP6026_CLO1,CLO1,"Trình bày được đối tượng, phương pháp nghiên cứu và ý nghĩa của việc học tập môn Chủ nghĩa xã hội khoa học, cũng như quá trình hình thành và phát triển của nó.",,
LP6026_CLO2,CLO2,Phân tích được nội dung sứ mệnh lịch sử của giai cấp công nhân và liên hệ với thực tiễn phong trào công nhân hiện nay.,,
LP6026_CLO3,CLO3,"Làm rõ những đặc điểm cơ bản của chủ nghĩa xã hội và thời kỳ quá độ lên chủ nghĩa xã hội, đặc biệt là thực tiễn xây dựng chủ nghĩa xã hội ở Việt Nam.",,
LP6026_CLO4,CLO4,"Đánh giá được bản chất, vai trò của nền dân chủ xã hội chủ nghĩa và Nhà nước xã hội chủ nghĩa trong hệ thống chính trị.",,
LP6026_CLO5,CLO5,"Trình bày và phân tích được các vấn đề về cơ cấu xã hội - giai cấp, liên minh giai cấp, cùng các vấn đề dân tộc, tôn giáo và gia đình trong thời kỳ quá độ lên chủ nghĩa xã hội.",,
LP6026_CLO6,CLO6,"Vận dụng kiến thức đã học để giải thích các vấn đề chính trị - xã hội thực tiễn ở Việt Nam, qua đó bồi dưỡng bản lĩnh chính trị và niềm tin vào mục tiêu, lý tưởng cách mạng.",,
LP6026_CLO1,CLO1,"Trình bày được đối tượng, phương pháp nghiên cứu và ý nghĩa của việc học tập môn Chủ nghĩa xã hội khoa học, cũng như quá trình hình thành và phát triển của nó.",,
LP6026_CLO2,CLO2,Phân tích được nội dung sứ mệnh lịch sử của giai cấp công nhân và liên hệ với thực tiễn phong trào công nhân hiện nay.,,
LP6026_CLO3,CLO3,"Làm rõ những đặc điểm cơ bản của chủ nghĩa xã hội và thời kỳ quá độ lên chủ nghĩa xã hội, đặc biệt là thực tiễn xây dựng chủ nghĩa xã hội ở Việt Nam.",,
LP6026_CLO4,CLO4,"Đánh giá được bản chất, vai trò của nền dân chủ xã hội chủ nghĩa và Nhà nước xã hội chủ nghĩa trong hệ thống chính trị.",,
LP6026_CLO5,CLO5,"Trình bày và phân tích được các vấn đề về cơ cấu xã hội - giai cấp, liên minh giai cấp, cùng các vấn đề dân tộc, tôn giáo và gia đình trong thời kỳ quá độ lên chủ nghĩa xã hội.",,
LP6026_CLO6,CLO6,"Vận dụng kiến thức đã học để giải thích các vấn đề chính trị - xã hội thực tiễn ở Việt Nam, qua đó bồi dưỡng bản lĩnh chính trị và niềm tin vào mục tiêu, lý tưởng cách mạng.",,
LP6027_CLO1,CLO1,"Trình bày được hoàn cảnh lịch sử, quá trình thành lập Đảng Cộng sản Việt Nam và nội dung Cương lĩnh chính trị đầu tiên của Đảng.",,
LP6027_CLO2,CLO2,"Phân tích được đường lối, chủ trương và vai trò lãnh đạo của Đảng trong các giai đoạn đấu tranh giành chính quyền, kháng chiến chống ngoại xâm và thống nhất đất nước (1930 - 1975).",,
LP6027_CLO3,CLO3,"Đánh giá được quá trình Đảng lãnh đạo cả nước xây dựng chủ nghĩa xã hội, bảo vệ Tổ quốc và tiến hành công cuộc đổi mới, công nghiệp hóa, hiện đại hóa đất nước từ năm 1975 đến nay.",,
LP6027_CLO4,CLO4,"Tổng kết được những thành tựu, hạn chế và bài học kinh nghiệm về sự lãnh đạo của Đảng trong tiến trình cách mạng Việt Nam.",,
LP6027_CLO5,CLO5,"Thể hiện lập trường tư tưởng vững vàng, tin tưởng vào sự lãnh đạo của Đảng và vận dụng kiến thức lịch sử Đảng vào việc góp phần xây dựng, bảo vệ Tổ quốc.",,
LP6027_CLO1,CLO1,"Trình bày được hoàn cảnh lịch sử, quá trình thành lập Đảng Cộng sản Việt Nam và nội dung Cương lĩnh chính trị đầu tiên của Đảng.",,
LP6027_CLO2,CLO2,"Phân tích được đường lối, chủ trương và vai trò lãnh đạo của Đảng trong các giai đoạn đấu tranh giành chính quyền, kháng chiến chống ngoại xâm và thống nhất đất nước (1930 - 1975).",,
LP6027_CLO3,CLO3,"Đánh giá được quá trình Đảng lãnh đạo cả nước xây dựng chủ nghĩa xã hội, bảo vệ Tổ quốc và tiến hành công cuộc đổi mới, công nghiệp hóa, hiện đại hóa đất nước từ năm 1975 đến nay.",,
LP6027_CLO4,CLO4,"Tổng kết được những thành tựu, hạn chế và bài học kinh nghiệm về sự lãnh đạo của Đảng trong tiến trình cách mạng Việt Nam.",,
LP6027_CLO5,CLO5,"Thể hiện lập trường tư tưởng vững vàng, tin tưởng vào sự lãnh đạo của Đảng và vận dụng kiến thức lịch sử Đảng vào việc góp phần xây dựng, bảo vệ Tổ quốc.",,
SC6013_L1,L1,"Trình bày và phân tích được các khái niệm cơ bản, quy trình, vai trò của quản lý dự án trong CNTT; nhận biết môi liên hệ giữa phạm vi, tiến độ, chi phí và chất lượng dự án.",PI 1.2;PI 4.1;PI 4.2,IT
SC6013_L2,L2,"Áp dụng kiến thức về các lĩnh vực quản lý như phạm vi, tiến độ, chi phí, chất lượng, rủi ro và nguồn nhân lực dự án để lập kế hoạch, phối hợp thực hiện, giám sát và đánh giá tính khả thi, tuân thủ pháp luật và đạo đức nghề nghiệp trong dự án CNTT.",PI 1.2;PI 4.1;PI 4.2,
SC6013_L3,L3,"Sử dụng được các công cụ và phương pháp quản lý dự án hiện đại; vận dụng kiến thức chuyên môn và kỹ năng làm việc nhóm để lập kế hoạch, tổ chức, điều phối và giải quyết các bài toán thực tiễn trong quản lý dự án công nghệ thông tin.",PI 1.2;PI 3.1;PI 3.2;PI 3.3,U
SC6013_L1,L1,"Trình bày và phân tích được các khái niệm cơ bản, quy trình, vai trò của quản lý dự án trong CNTT; nhận biết môi liên hệ giữa phạm vi, tiến độ, chi phí và chất lượng dự án.",PI 1.2;PI 4.1;PI 4.2,IT
SC6013_L2,L2,"Áp dụng kiến thức về các lĩnh vực quản lý như phạm vi, tiến độ, chi phí, chất lượng, rủi ro và nguồn nhân lực dự án để lập kế hoạch, phối hợp thực hiện, giám sát và đánh giá tính khả thi, tuân thủ pháp luật và đạo đức nghề nghiệp trong dự án CNTT.",PI 1.2;PI 4.1;PI 4.2,
SC6013_L3,L3,"Sử dụng được các công cụ và phương pháp quản lý dự án hiện đại; vận dụng kiến thức chuyên môn và kỹ năng làm việc nhóm để lập kế hoạch, tổ chức, điều phối và giải quyết các bài toán thực tiễn trong quản lý dự án công nghệ thông tin.",PI 1.2;PI 3.1;PI 3.2;PI 3.3,U
SC6014_L1,L1,"Áp dụng các kiến thức cơ sở ngành kết hợp với tự học, tự nghiên cứu để lập kế hoạch và bổ sung kiến thức chuyên môn về lập trình, cơ sở dữ liệu, nền tầng công nghệ phục vụ cho việc xây dựng một Hệ thống thông tin cơ bản.",null,
SC6014_L2,L2,"Vận dụng kiến thức nền tầng ngành kết hợp tư duy đổi mới sáng tạo và tư duy khởi nghiệp để đề xuất, thiết kế và thuyết trình một ý tưởng hệ thống thông tin hoặc ý tưởng khởi nghiệp giả định có tính thực tiễn và khả thi ở mức cơ bản.",PI 7.2,"T, U"
SC6014_L3,L3,"Triển khai làm việc nhóm trong môi trường dự án để phân công nhiệm vụ, phối hợp thực hiện và hoàn thiện một hệ thống thông tin ở mức cơ sở.",PI 7.1,"T, U"
SC6014_L1,L1,"Áp dụng các kiến thức cơ sở ngành kết hợp với tự học, tự nghiên cứu để lập kế hoạch và bổ sung kiến thức chuyên môn về lập trình, cơ sở dữ liệu, nền tầng công nghệ phục vụ cho việc xây dựng một Hệ thống thông tin cơ bản.",null,
SC6014_L2,L2,"Vận dụng kiến thức nền tầng ngành kết hợp tư duy đổi mới sáng tạo và tư duy khởi nghiệp để đề xuất, thiết kế và thuyết trình một ý tưởng hệ thống thông tin hoặc ý tưởng khởi nghiệp giả định có tính thực tiễn và khả thi ở mức cơ bản.",PI 7.2,"T, U"
SC6014_L3,L3,"Triển khai làm việc nhóm trong môi trường dự án để phân công nhiệm vụ, phối hợp thực hiện và hoàn thiện một hệ thống thông tin ở mức cơ sở.",PI 7.1,"T, U"
SC6016_L1,L1,"Vận dụng được các kiến thức, kỹ thuật cơ sở ngành để phân tích giải pháp CNTT.",PI 1.2,U
SC6016_L2,L2,"Vận dụng được các kiến thức, kỹ thuật cơ sở ngành để thiết kế giải pháp CNTT.",PI 5.1,U
SC6016_L3,L3,"Vận dụng được các kiến thức, kỹ thuật cơ sở ngành để triển khai giải pháp CNTT.",PI 5.2,U
SC6016_L1,L1,"Vận dụng được các kiến thức, kỹ thuật cơ sở ngành để phân tích giải pháp CNTT.",PI 1.2,U
SC6016_L2,L2,"Vận dụng được các kiến thức, kỹ thuật cơ sở ngành để thiết kế giải pháp CNTT.",PI 5.1,U
SC6016_L3,L3,"Vận dụng được các kiến thức, kỹ thuật cơ sở ngành để triển khai giải pháp CNTT.",PI 5.2,U
SC6019_L1,L1,Triển khai được giải pháp phần mềm đáp ứng các yêu cầu điện toán đã cho bằng các công cụ và kỹ thuật của học máy.,PI 5.2,I
SC6019_L2,L2,Đánh giá được giải pháp phần mềm đáp ứng các yêu cầu điện toán cho trước bằng các kỹ thuật học máy.,PI 5.3,T
SC6019_L3,L3,Áp dụng quy trình phát triển phần mềm để xây dựng giải pháp học máy dựa trên máy tính.,PI 6.1,T
SC6019_L4,L4,Ứng dụng lý thuyết học máy trong việc tạo ra các giải pháp dựa trên máy tính.,PI 6.,
SC6019_L1,L1,Triển khai được giải pháp phần mềm đáp ứng các yêu cầu điện toán đã cho bằng các công cụ và kỹ thuật của học máy.,PI 5.2,I
SC6019_L2,L2,Đánh giá được giải pháp phần mềm đáp ứng các yêu cầu điện toán cho trước bằng các kỹ thuật học máy.,PI 5.3,T
SC6019_L3,L3,Áp dụng quy trình phát triển phần mềm để xây dựng giải pháp học máy dựa trên máy tính.,PI 6.1,T
SC6019_L4,L4,Ứng dụng lý thuyết học máy trong việc tạo ra các giải pháp dựa trên máy tính.,PI 6.,
SC6200_L1,L1,"Nhận biết, giải thích được các nguyên lý cơ bản của an ninh mạng, vai trò của làm việc nhóm, đồng thời nhận định được trách nhiệm nghề nghiệp, pháp luật và đạo đức trong thực hành an ninh mạng.",PI 3.1;PI 4.1;PI 4.2;PI 4.3;PI 1.2;PI 8.1,"I, T"
SC6200_L2,L2,"Áp dụng kiến thức an ninh mạng để triển khai các biện pháp bảo vệ hệ thống thông tin, hệ thống điện toán và mạng máy tính, tham gia làm việc nhóm hiệu quả trong quá trình phân tích, vận hành và xử lý các tinh huống an ninh mạng.",PI 3.2;PI 6.3,
SC6200_L3,L3,"Phân tích, đánh giá và đề xuất giải pháp an ninh mạng tổng thể cho các hệ thống CNTT; điều phối nhóm, quản trị và vận hành an toàn hệ thống điện toán/hệ thống thông tin đáp ứng yêu cầu của người sử dụng và tổ chức.","PI 3.3, PI 6.3;PI 6.5;PI 6.2","T, U"
SC6200_L1,L1,"Nhận biết, giải thích được các nguyên lý cơ bản của an ninh mạng, vai trò của làm việc nhóm, đồng thời nhận định được trách nhiệm nghề nghiệp, pháp luật và đạo đức trong thực hành an ninh mạng.",PI 3.1;PI 4.1;PI 4.2;PI 4.3;PI 1.2;PI 8.1,"I, T"
SC6200_L2,L2,"Áp dụng kiến thức an ninh mạng để triển khai các biện pháp bảo vệ hệ thống thông tin, hệ thống điện toán và mạng máy tính, tham gia làm việc nhóm hiệu quả trong quá trình phân tích, vận hành và xử lý các tinh huống an ninh mạng.",PI 3.2;PI 6.3,
SC6200_L3,L3,"Phân tích, đánh giá và đề xuất giải pháp an ninh mạng tổng thể cho các hệ thống CNTT; điều phối nhóm, quản trị và vận hành an toàn hệ thống điện toán/hệ thống thông tin đáp ứng yêu cầu của người sử dụng và tổ chức.","PI 3.3, PI 6.3;PI 6.5;PI 6.2","T, U"
SC6202_L1,L1,Mô hình hóa được một số bài toán trong thực tế về dạng bài toán tối ưu cơ bản.,PI 1.2,T
SC6202_L2,L2,Áp dụng được phương pháp phù hợp để giải bài toán tối ưu.,PI 1.2,T
SC6202_L1,L1,Mô hình hóa được một số bài toán trong thực tế về dạng bài toán tối ưu cơ bản.,PI 1.2,T
SC6202_L2,L2,Áp dụng được phương pháp phù hợp để giải bài toán tối ưu.,PI 1.2,T
SC6205_L1,L1,"Giải thích được khái niệm cấu trúc dữ liệu, giải thuật, khái niệm phân tích, đánh giá giải thuật, chiến lược thiết kế giải thuật để quy, chia để trị, tham lam.",PI1.2;PI2.1;PI2.3;PI1.3,I
SC6205_L2,L2,Cài đặt được một số cấu trúc dữ liệu và giải thuật căn bản.,PI1.2;PI2.1;PI2.3;PI4.1;PI4.2;PI4.3;PI5.1;PI5.2;PI8.1,ITU
SC6205_L3,L3,"Lựa chọn, áp dụng được cấu trúc dữ liệu và giải thuật cho bài toán cụ thể.",PI1.2;PI2.1;PI2.3;PI1.3;PI5.1;PI5.2;PI6.1;PI6.2;PI8.1,IU
SC6205_L1,L1,"Giải thích được khái niệm cấu trúc dữ liệu, giải thuật, khái niệm phân tích, đánh giá giải thuật, chiến lược thiết kế giải thuật để quy, chia để trị, tham lam.",PI1.2;PI2.1;PI2.3;PI1.3,I
SC6205_L2,L2,Cài đặt được một số cấu trúc dữ liệu và giải thuật căn bản.,PI1.2;PI2.1;PI2.3;PI4.1;PI4.2;PI4.3;PI5.1;PI5.2;PI8.1,ITU
SC6205_L3,L3,"Lựa chọn, áp dụng được cấu trúc dữ liệu và giải thuật cho bài toán cụ thể.",PI1.2;PI2.1;PI2.3;PI1.3;PI5.1;PI5.2;PI6.1;PI6.2;PI8.1,IU
SC6206_L1,L1,"Trình bày các kiến thức nền tảng về cơ sở dữ liệu, mô hình dữ liệu, mô hình quan hệ, các phép toán đại số quan hệ, ngôn ngữ SQL, tối ưu truy vấn, mô hình thực thể-liên kết và chuyển đổi ERD sang mô hình quan hệ nhằm phục vụ việc thiết kế cơ sở dữ liệu.",PI5.1(1);PI5.2(1),ITU
SC6206_L2,L2,"Vận dụng kiến thức để xây dựng truy vấn bằng đại số quan hệ và SQL, xác định phụ thuộc hàm, khóa, và chuẩn hóa lược đồ quan hệ đến dạng chuẩn 3 nhằm hoàn thiện thiết kế cơ sở dữ liệu.",PI5.1(1);PI5.2(1)PI6.1(2),ITU
SC6206_L1,L1,"Trình bày các kiến thức nền tảng về cơ sở dữ liệu, mô hình dữ liệu, mô hình quan hệ, các phép toán đại số quan hệ, ngôn ngữ SQL, tối ưu truy vấn, mô hình thực thể-liên kết và chuyển đổi ERD sang mô hình quan hệ nhằm phục vụ việc thiết kế cơ sở dữ liệu.",PI5.1(1);PI5.2(1),ITU
SC6206_L2,L2,"Vận dụng kiến thức để xây dựng truy vấn bằng đại số quan hệ và SQL, xác định phụ thuộc hàm, khóa, và chuẩn hóa lược đồ quan hệ đến dạng chuẩn 3 nhằm hoàn thiện thiết kế cơ sở dữ liệu.",PI5.1(1);PI5.2(1)PI6.1(2),ITU
SC6208_L1,L1,"Sử dụng thành thạo: biến, biểu thức, nhập/xuất, các kiểu dữ liệu cơ bản, cấu trúc điều khiển và lập trình mô đun.",,
SC6208_L2,L2,"Có khả năng sử dụng các kiểu dữ liệu có cấu trúc, con trỏ, kỹ thuật xử lý tệp để giải quyết một số bài toán cơ bản.",,
SC6208_L3,L3,"Vận dụng được kiến thức, kỹ năng, công cụ để xác định và sửa lỗi trong lập trình cho một số bài toán cụ thể.",,
SC6208_L1,L1,"Sử dụng thành thạo: biến, biểu thức, nhập/xuất, các kiểu dữ liệu cơ bản, cấu trúc điều khiển và lập trình mô đun.",,
SC6208_L2,L2,"Có khả năng sử dụng các kiểu dữ liệu có cấu trúc, con trỏ, kỹ thuật xử lý tệp để giải quyết một số bài toán cơ bản.",,
SC6208_L3,L3,"Vận dụng được kiến thức, kỹ năng, công cụ để xác định và sửa lỗi trong lập trình cho một số bài toán cụ thể.",,
SC6210_L1,L1,"Vận dụng kiến thức về nền tảng .NET, WPF và EF Core để thiết kế được giải pháp phần mềm đáp ứng các yêu cầu cho trước bằng phần mềm.",PI 5.,
SC6210_L2,L2,Triển khai được giải pháp phần mềm đáp ứng các yêu cầu cho trước bằng các công cụ và kỹ thuật của khoa học máy tính.,PI 5.2,U
SC6210_L1,L1,"Vận dụng kiến thức về nền tảng .NET, WPF và EF Core để thiết kế được giải pháp phần mềm đáp ứng các yêu cầu cho trước bằng phần mềm.",PI 5.,
SC6210_L2,L2,Triển khai được giải pháp phần mềm đáp ứng các yêu cầu cho trước bằng các công cụ và kỹ thuật của khoa học máy tính.,PI 5.2,U
SC6211_L1,L1,"Giải thích được các khái niệm cơ bản trong lập trình hướng đối tượng; đọc được sơ đồ lớp đơn giản; cải đặt được các lớp, các sơ đồ lớp, mối quan hệ giữa các lớp, cải đặt và kiểm thử các chương trình.",PI 2.1PI 5.1PI 5.2,TU
SC6211_L2,L2,"Thực hiện được các kỹ thuật nạp chồng toán từ trong lập trình hướng đối tượng; thực hiện được các kỹ thuật đặc thù trong lập trình hướng đối tượng như: phương thức áo, lớp cơ sở trừu tượng, khuôn mẫu.",PI 2.1PI 5.1PI 5.2,TU
SC6211_L3,L3,Thiết kế được theo hướng đối tượng các sơ đồ lớp đơn giản.,PI 5.1,T
SC6211_L4,L4,Xác định và sửa được lỗi cơ bản trong chương trình.,PI 5.2,T
SC6211_L1,L1,"Giải thích được các khái niệm cơ bản trong lập trình hướng đối tượng; đọc được sơ đồ lớp đơn giản; cải đặt được các lớp, các sơ đồ lớp, mối quan hệ giữa các lớp, cải đặt và kiểm thử các chương trình.",PI 2.1PI 5.1PI 5.2,TU
SC6211_L2,L2,"Thực hiện được các kỹ thuật nạp chồng toán từ trong lập trình hướng đối tượng; thực hiện được các kỹ thuật đặc thù trong lập trình hướng đối tượng như: phương thức áo, lớp cơ sở trừu tượng, khuôn mẫu.",PI 2.1PI 5.1PI 5.2,TU
SC6211_L3,L3,Thiết kế được theo hướng đối tượng các sơ đồ lớp đơn giản.,PI 5.1,T
SC6211_L4,L4,Xác định và sửa được lỗi cơ bản trong chương trình.,PI 5.2,T
SC6212_L1,L1,Hiểu được các kỹ thuật lập trình cơ bản của ngôn ngữ Java.,PI3.1;PI3.2;PI3.3 (3);PI5.1;PI5.2 (2;5),IT
SC6212_L2,L2,Vận dụng được các kỹ thuật lập trình Java vào giải quyết bài toán cụ thể.,PI5.1 (2;5);PI5.2 (1;2;5) PI6.1 (4),TU
SC6212_L1,L1,Hiểu được các kỹ thuật lập trình cơ bản của ngôn ngữ Java.,PI3.1;PI3.2;PI3.3 (3);PI5.1;PI5.2 (2;5),IT
SC6212_L2,L2,Vận dụng được các kỹ thuật lập trình Java vào giải quyết bài toán cụ thể.,PI5.1 (2;5);PI5.2 (1;2;5) PI6.1 (4),TU
SC6213_L1,L1,"Vận dụng các kỹ thuật, công nghệ hiện đại để thiết kế giải pháp phần mềm cho bài toán cụ thể.",PI5.2,
SC6213_L2,L2,Triển khai phần mềm theo thiết kế và đáp ứng được yêu cầu thực tế.,"PI5.2 1;2 , PI4.1 3;4;PI4.2 3;4;PI4.3 3;4 , PI6.2 4",T
SC6213_L1,L1,"Vận dụng các kỹ thuật, công nghệ hiện đại để thiết kế giải pháp phần mềm cho bài toán cụ thể.",PI5.2,
SC6213_L2,L2,Triển khai phần mềm theo thiết kế và đáp ứng được yêu cầu thực tế.,"PI5.2 1;2 , PI4.1 3;4;PI4.2 3;4;PI4.3 3;4 , PI6.2 4",T
SC6214_L1,L1,"Áp dụng kiến thức cơ bản về lập trình web và mô hình MVC để thiết kế, xây dựng và vận hành các ứng dụng web.",PI 5.1;PI 6.2,T
SC6214_L2,L2,"Vận dụng quy trình phát triển phần mềm hiện đại, tuân thủ các nguyên tắc nghề nghiệp, pháp luật và đạo đức trong triển khai các ứng dụng web theo yêu cầu thực tế.",PI 4.1;PI 4.2,
SC6214_L1,L1,"Áp dụng kiến thức cơ bản về lập trình web và mô hình MVC để thiết kế, xây dựng và vận hành các ứng dụng web.",PI 5.1;PI 6.2,T
SC6214_L2,L2,"Vận dụng quy trình phát triển phần mềm hiện đại, tuân thủ các nguyên tắc nghề nghiệp, pháp luật và đạo đức trong triển khai các ứng dụng web theo yêu cầu thực tế.",PI 4.1;PI 4.2,
SC6215_L1,L1,Áp dụng được kỹ thuật lập trình cơ bản của ngôn ngữ PHP trong lập trình web.,PI 5.2,T
SC6215_L2,L2,Vận dụng kỹ thuật lập trình PHP để phát triển ứng dụng web có kết nối với cơ sở dữ liệu.,PI 5.2,T
SC6215_L3,L3,"Làm việc nhóm hiệu quả, giao tiếp trong môi trường phát triển phần mềm và thể hiện tỉnh thần trách nhiệm, thái độ chuyên nghiệp trong quá trình xây dựng và vận hành ứng dụng web.",PI 3.1(1;2;3;4;5);PI 3.2(1;2;3;4;5);PI 3.3(1),TU
SC6215_L1,L1,Áp dụng được kỹ thuật lập trình cơ bản của ngôn ngữ PHP trong lập trình web.,PI 5.2,T
SC6215_L2,L2,Vận dụng kỹ thuật lập trình PHP để phát triển ứng dụng web có kết nối với cơ sở dữ liệu.,PI 5.2,T
SC6215_L3,L3,"Làm việc nhóm hiệu quả, giao tiếp trong môi trường phát triển phần mềm và thể hiện tỉnh thần trách nhiệm, thái độ chuyên nghiệp trong quá trình xây dựng và vận hành ứng dụng web.",PI 3.1(1;2;3;4;5);PI 3.2(1;2;3;4;5);PI 3.3(1),TU
SC6218_L1,L1,"Vận dụng được các kiến thức, kỹ thuật và công cụ cơ bản vào việc phát triển các ứng dụng Game.",PI 4.1;PI 4.2;PI 4.3;PI 6.2,ITU
SC6218_L2,L2,"Triển khai, đánh giá và đưa được các sản phẩm game ra thực tế.",PI 4.1;PI 4.2;PI 4.3;PI 6.2,TU
SC6218_L1,L1,"Vận dụng được các kiến thức, kỹ thuật và công cụ cơ bản vào việc phát triển các ứng dụng Game.",PI 4.1;PI 4.2;PI 4.3;PI 6.2,ITU
SC6218_L2,L2,"Triển khai, đánh giá và đưa được các sản phẩm game ra thực tế.",PI 4.1;PI 4.2;PI 4.3;PI 6.2,TU
SC6219_L1,L1,Cải đặt được bài toán đơn giản sử dụng các thành phần chính trong lập trình di động trên nền tầng Android.,PI5.1;PI5.2;PI6.2,IT
SC6219_L2,L2,Cải đặt được bài toán cụ thể trên thiết bị di động trên nền tầng Android,PI5.1;PI5.2;PI6.2,IT
SC6219_L3,L3,"Vận dụng phương pháp tiếp cận hệ thống để triển khai giải pháp phần mềm trên nền tầng Android đảm bảo mục tiêu người dùng, tuân thủ pháp luật và đạo đức nghề nghiệp",PI4.1;PI4.2;PI4.3;PI5.1;PI5.2;PI6.1;PI6.2;PI6.3,IT
SC6219_L1,L1,Cải đặt được bài toán đơn giản sử dụng các thành phần chính trong lập trình di động trên nền tầng Android.,PI5.1;PI5.2;PI6.2,IT
SC6219_L2,L2,Cải đặt được bài toán cụ thể trên thiết bị di động trên nền tầng Android,PI5.1;PI5.2;PI6.2,IT
SC6219_L3,L3,"Vận dụng phương pháp tiếp cận hệ thống để triển khai giải pháp phần mềm trên nền tầng Android đảm bảo mục tiêu người dùng, tuân thủ pháp luật và đạo đức nghề nghiệp",PI4.1;PI4.2;PI4.3;PI5.1;PI5.2;PI6.1;PI6.2;PI6.3,IT
SC6220_L1,L1,"Lựa chọn và sử dụng được phương pháp, công cụ, kỹ thuật để đưa ra được giải pháp thiết kế xây dựng phần mềm nguồn mở.",PI5.,
SC6220_L2,L2,Sử dụng được công cụ nguồn mở để xây dựng được hệ thống đáp ứng được yêu cầu của người sử dụng tuân thủ đạo đức nghề nghiệp,PI5.2,IU
SC6220_L3,L3,Xuất bản và đánh giá được phần mềm nguồn mở đáp ứng các yêu cầu đo lường và phát hành của hệ thống thông tin nguồn mở,PI5.2;PI5.1;PI5.3;PI6.1;PI6.2;PI6.3,IT
SC6220_L1,L1,"Lựa chọn và sử dụng được phương pháp, công cụ, kỹ thuật để đưa ra được giải pháp thiết kế xây dựng phần mềm nguồn mở.",PI5.,
SC6220_L2,L2,Sử dụng được công cụ nguồn mở để xây dựng được hệ thống đáp ứng được yêu cầu của người sử dụng tuân thủ đạo đức nghề nghiệp,PI5.2,IU
SC6220_L3,L3,Xuất bản và đánh giá được phần mềm nguồn mở đáp ứng các yêu cầu đo lường và phát hành của hệ thống thông tin nguồn mở,PI5.2;PI5.1;PI5.3;PI6.1;PI6.2;PI6.3,IT
SC6221_L1,L1,Áp dụng được các thuật toán cơ bản trong phương pháp số để giải gần đúng một số bài toán trong thực tế.,PI 1.,
SC6221_L2,L2,Đánh giá và áp dụng hiệu quả một số phương pháp giải gần đúng cho các bài toán sử dụng kỹ thuật xấp xỉ số.,PI 1.2,ITU
SC6221_L3,L3,Sử dụng được ngôn ngữ lập trình và triển khai theo cách tiếp cận của phương pháp số.,PI 1.2,IU
SC6221_L1,L1,Áp dụng được các thuật toán cơ bản trong phương pháp số để giải gần đúng một số bài toán trong thực tế.,PI 1.,
SC6221_L2,L2,Đánh giá và áp dụng hiệu quả một số phương pháp giải gần đúng cho các bài toán sử dụng kỹ thuật xấp xỉ số.,PI 1.2,ITU
SC6221_L3,L3,Sử dụng được ngôn ngữ lập trình và triển khai theo cách tiếp cận của phương pháp số.,PI 1.2,IU
SC6222_CLO1,CLO1,"Trình bày được tổng quan về các phương pháp, kỹ thuật tích hợp hệ thống phần mềm trong bối cảnh phát triển hiện đại.",,
SC6222_CLO2,CLO2,"Sử dụng thành thạo XML, XSD, XSLT để biểu diễn, kiểm tra tính hợp lệ và chuyển đổi định dạng dữ liệu.",,
SC6222_CLO3,CLO3,Thao tác hiệu quả với JSON và DOM để xử lý dữ liệu phi cấu trúc và bán cấu trúc trong các ứng dụng phần mềm.,,
SC6222_CLO4,CLO4,"Thiết kế và xây dựng thành công các RESTful Web Service và Web API hoàn chỉnh, bảo đảm khả năng tích hợp linh hoạt.",,
SC6222_CLO5,CLO5,"Phát triển và tích hợp các ứng dụng khách (Client) gọi Web API để kết nối, trao đổi dữ liệu giữa các hệ thống khác nhau.",,
SC6222_CLO1,CLO1,"Trình bày được tổng quan về các phương pháp, kỹ thuật tích hợp hệ thống phần mềm trong bối cảnh phát triển hiện đại.",,
SC6222_CLO2,CLO2,"Sử dụng thành thạo XML, XSD, XSLT để biểu diễn, kiểm tra tính hợp lệ và chuyển đổi định dạng dữ liệu.",,
SC6222_CLO3,CLO3,Thao tác hiệu quả với JSON và DOM để xử lý dữ liệu phi cấu trúc và bán cấu trúc trong các ứng dụng phần mềm.,,
SC6222_CLO4,CLO4,"Thiết kế và xây dựng thành công các RESTful Web Service và Web API hoàn chỉnh, bảo đảm khả năng tích hợp linh hoạt.",,
SC6222_CLO5,CLO5,"Phát triển và tích hợp các ứng dụng khách (Client) gọi Web API để kết nối, trao đổi dữ liệu giữa các hệ thống khác nhau.",,
SC6223_L1,L1,"Giải thích được các khái niệm trong logic mệnh đề, tổ hợp, quan hệ, các khái niệm về đồ thị, cây và làm được bài tập áp dụng",PI 1.3,ITU
SC6223_L2,L2,Phân tích và lựa chọn được các phương pháp phù hợp với một số bài toán cụ thể.,PI 1.3,ITU
SC6223_L3,L3,Vận dụng được các thuật toán cho một số bài toán thực tế.,PI 1.3,ITU
SC6223_L1,L1,"Giải thích được các khái niệm trong logic mệnh đề, tổ hợp, quan hệ, các khái niệm về đồ thị, cây và làm được bài tập áp dụng",PI 1.3,ITU
SC6223_L2,L2,Phân tích và lựa chọn được các phương pháp phù hợp với một số bài toán cụ thể.,PI 1.3,ITU
SC6223_L3,L3,Vận dụng được các thuật toán cho một số bài toán thực tế.,PI 1.3,ITU
SC6224_L1,L1,"Áp dụng được các kiến thức cơ bản về ngôn ngữ HTML, CSS, Javascript vào thiết kế các trang web.",PI 5.1;PI 6.1,T
SC6224_L2,L2,Xác định được các yêu cầu khi thiết kế các giao diện website.,PI 5.1;PI 6.1,T
SC6224_L3,L3,Xác định được các lỗi này sinh trong thiết kế các trang web.,null,
SC6224_L4,L4,Đề xuất được phương án xử lý các lỗi này sinh khi thiết kế trang web.,"PI 5.1, PI 6.1",T
SC6224_L5,L5,Vận dụng được kiến thức vào thiết kế các giao diện website được ứng dụng trong thực tế.,"PI 5.1, PI 6.1, PI 5.2",T
SC6224_L1,L1,"Áp dụng được các kiến thức cơ bản về ngôn ngữ HTML, CSS, Javascript vào thiết kế các trang web.",PI 5.1;PI 6.1,T
SC6224_L2,L2,Xác định được các yêu cầu khi thiết kế các giao diện website.,PI 5.1;PI 6.1,T
SC6224_L3,L3,Xác định được các lỗi này sinh trong thiết kế các trang web.,null,
SC6224_L4,L4,Đề xuất được phương án xử lý các lỗi này sinh khi thiết kế trang web.,"PI 5.1, PI 6.1",T
SC6224_L5,L5,Vận dụng được kiến thức vào thiết kế các giao diện website được ứng dụng trong thực tế.,"PI 5.1, PI 6.1, PI 5.2",T
SC6228_L1,L1,Vận dụng kiến thức công nghệ và các nguyên lý của hệ thống quản lý nội dung để triển khai nhanh website bán hàng trên nền tăng thương mại điện tử.,PI 1.2,T
SC6228_L2,L2,"Áp dụng các nguyên lý công nghệ thông tin để phân tích, tùy chính và phát triển website bán hàng đáp ứng yêu cầu thực tế của doanh nghiệp nhỏ và cá nhân.",PI 1.3,ITU
SC6228_L1,L1,Vận dụng kiến thức công nghệ và các nguyên lý của hệ thống quản lý nội dung để triển khai nhanh website bán hàng trên nền tăng thương mại điện tử.,PI 1.2,T
SC6228_L2,L2,"Áp dụng các nguyên lý công nghệ thông tin để phân tích, tùy chính và phát triển website bán hàng đáp ứng yêu cầu thực tế của doanh nghiệp nhỏ và cá nhân.",PI 1.3,ITU
SC6229_L1,L1,Người học có khả năng triển khai giải pháp phần mềm quản trị doanh nghiệp điện tử đáp ứng các yêu cầu quản trị của doanh nghiệp.,5,
SC6229_L2,L2,"Khả năng vận hành, quản lý và phát triển các chức năng quản trị doanh nghiệp trên hệ thống thông tin quản trị doanh nghiệp điện tử.",6.2;6.3,TU
SC6229_L1,L1,Người học có khả năng triển khai giải pháp phần mềm quản trị doanh nghiệp điện tử đáp ứng các yêu cầu quản trị của doanh nghiệp.,5,
SC6229_L2,L2,"Khả năng vận hành, quản lý và phát triển các chức năng quản trị doanh nghiệp trên hệ thống thông tin quản trị doanh nghiệp điện tử.",6.2;6.3,TU
SC6232_L1,L1,Triển khai hệ thống nhúng để giải quyết một số bài toán thực tế.,PI 5.1;PI 5.2,T
SC6232_L2,L2,Triển khai hệ thống IoT để giải quyết một số bài toán thực tế..,PI 5.1;PI 5.2,T
SC6232_L1,L1,Triển khai hệ thống nhúng để giải quyết một số bài toán thực tế.,PI 5.1;PI 5.2,T
SC6232_L2,L2,Triển khai hệ thống IoT để giải quyết một số bài toán thực tế..,PI 5.1;PI 5.2,T
SC6234_L1,L1,"Áp dụng các nguyên lý khoa học máy tính và các lĩnh vực liên quan để phân tích, nhận diện và xác định hướng giải pháp cho các vấn đề an ninh mạng trong hệ thống máy tính và mạng.",PI1.,
SC6234_L2,L2,"Thiết kế được các giải pháp an ninh mạng (mã hóa, xác thực, bảo mật giao thức, bảo vệ hệ thống) nhằm đáp ứng các yêu cầu an toàn thông tin cho các bài toán điện toán cụ thể.",PI 5.1,T
SC6234_L3,L3,"Triển khai, cấu hình và đánh giá được các giải pháp an ninh mạng trong môi trường thực nghiệm hoặc mô phỏng bằng các công cụ và nền tầng công nghệ thông tin phù hợp.",PI 5.2,T
SC6234_L1,L1,"Áp dụng các nguyên lý khoa học máy tính và các lĩnh vực liên quan để phân tích, nhận diện và xác định hướng giải pháp cho các vấn đề an ninh mạng trong hệ thống máy tính và mạng.",PI1.,
SC6234_L2,L2,"Thiết kế được các giải pháp an ninh mạng (mã hóa, xác thực, bảo mật giao thức, bảo vệ hệ thống) nhằm đáp ứng các yêu cầu an toàn thông tin cho các bài toán điện toán cụ thể.",PI 5.1,T
SC6234_L3,L3,"Triển khai, cấu hình và đánh giá được các giải pháp an ninh mạng trong môi trường thực nghiệm hoặc mô phỏng bằng các công cụ và nền tầng công nghệ thông tin phù hợp.",PI 5.2,T
SC6236_L1,L1,Sử dụng được các thuật toán trong khai thác dữ liệu cho một số bài toán cơ bản,PI 6.1,T
SC6236_L2,L2,Áp dụng được các kỹ thuật khai thác dữ liệu và công cụ phần mềm vào bài toán trong thực tế,PI 6.2,T
SC6236_L1,L1,Sử dụng được các thuật toán trong khai thác dữ liệu cho một số bài toán cơ bản,PI 6.1,T
SC6236_L2,L2,Áp dụng được các kỹ thuật khai thác dữ liệu và công cụ phần mềm vào bài toán trong thực tế,PI 6.2,T
SC6237_L1,L1,"Thực hiện các kỹ thuật/thuật toán thu thập, tiền xử lý dữ liệu lớn bằng các công cụ phần mềm.",PI 1.2PI 5.,
SC6237_L2,L2,Thực hiện được một số kỹ thuật/thuật toán phân tích dữ liệu lớn bằng các công cụ phần mềm.,PI 1.2PI 5.2,T
SC6237_L3,L3,Ứng dụng các kỹ thuật phân tích dữ liệu lớn vào các bài toán thực tế.,PI 1.2PI 6.1PI 6.2,T
SC6237_L1,L1,"Thực hiện các kỹ thuật/thuật toán thu thập, tiền xử lý dữ liệu lớn bằng các công cụ phần mềm.",PI 1.2PI 5.,
SC6237_L2,L2,Thực hiện được một số kỹ thuật/thuật toán phân tích dữ liệu lớn bằng các công cụ phần mềm.,PI 1.2PI 5.2,T
SC6237_L3,L3,Ứng dụng các kỹ thuật phân tích dữ liệu lớn vào các bài toán thực tế.,PI 1.2PI 6.1PI 6.2,T
SC6239_L1,L1,"Giải thích và mô tả được các khái niệm cơ bản của công nghệ phần mềm trong phát triển hệ thống thông tin; các phương pháp, nguyên tắc, kỹ thuật, công cụ, mô hình và tiêu chuẩn quốc tế thuộc lĩnh vực phần mềm, xu hướng phát triển phần mềm hiện đại và chuyển đổi số trong công nghệ phần mềm; vai trò của các hoạt động chính trong dự án phần mềm theo quy trình công nghiệp; đồng thời phân tích yêu cầu và đề xuất giải pháp phần mềm nhằm đáp ứng mục tiêu của người sử dụng trong các bài toán thực tế.",PI 5.1;PI 6.2,T
SC6239_L2,L2,"Lựa chọn và vận dụng được phương pháp, công cụ, kỹ thuật để kiểm soát sản phẩm phần mềm đáp ứng mục tiêu của người sử dụng.",PI 6.1;PI 6.2,
SC6239_L3,L3,"Biên soạn và thuyết trình hiệu quả về các tài liệu chính trong dự án phát triển phần mềm thực tế, bao gồm: tài liệu yêu cầu nghiệp vụ; tài liệu đặc tả yêu cầu phần mềm; tài liệu thiết kế hệ thống; tài liệu hướng dẫn người dùng; và báo cáo BTL.",PI 2.1;PI 2.2;PI 2.3,U
SC6239_L1,L1,"Giải thích và mô tả được các khái niệm cơ bản của công nghệ phần mềm trong phát triển hệ thống thông tin; các phương pháp, nguyên tắc, kỹ thuật, công cụ, mô hình và tiêu chuẩn quốc tế thuộc lĩnh vực phần mềm, xu hướng phát triển phần mềm hiện đại và chuyển đổi số trong công nghệ phần mềm; vai trò của các hoạt động chính trong dự án phần mềm theo quy trình công nghiệp; đồng thời phân tích yêu cầu và đề xuất giải pháp phần mềm nhằm đáp ứng mục tiêu của người sử dụng trong các bài toán thực tế.",PI 5.1;PI 6.2,T
SC6239_L2,L2,"Lựa chọn và vận dụng được phương pháp, công cụ, kỹ thuật để kiểm soát sản phẩm phần mềm đáp ứng mục tiêu của người sử dụng.",PI 6.1;PI 6.2,
SC6239_L3,L3,"Biên soạn và thuyết trình hiệu quả về các tài liệu chính trong dự án phát triển phần mềm thực tế, bao gồm: tài liệu yêu cầu nghiệp vụ; tài liệu đặc tả yêu cầu phần mềm; tài liệu thiết kế hệ thống; tài liệu hướng dẫn người dùng; và báo cáo BTL.",PI 2.1;PI 2.2;PI 2.3,U
SC6240_L1,L1,Áp dụng kiến thức cơ bản về mạng máy tính để thiết kế mô hình mạng cho doanh nghiệp vừa và nhỏ.,PI 1.3;PI 1.2,"I,T"
SC6240_L2,L2,"Có trách nhiệm, đạo đức nghề nghiệp trong việc triển khai, thiết kế, quản trị hệ thống mạng cơ bản dựa trên nguyên tắc pháp luật.",PI 6.2;PI 6.1;PI 4.1;PI 4.2;PI 4.3;PI 5.2,"T,U"
SC6240_L1,L1,Thường xuyên 1,null,
SC6240_L2,L2,Thường xuyên 2,null,
SC6240_L1,L1,Cuối kỳ,null,
SC6240_L1,L1,Áp dụng kiến thức cơ bản về mạng máy tính để thiết kế mô hình mạng cho doanh nghiệp vừa và nhỏ.,PI 1.3;PI 1.2,"I,T"
SC6240_L2,L2,"Có trách nhiệm, đạo đức nghề nghiệp trong việc triển khai, thiết kế, quản trị hệ thống mạng cơ bản dựa trên nguyên tắc pháp luật.",PI 6.2;PI 6.1;PI 4.1;PI 4.2;PI 4.3;PI 5.2,"T,U"
SC6240_L1,L1,Thường xuyên 1,null,
SC6240_L2,L2,Thường xuyên 2,null,
SC6240_L1,L1,Cuối kỳ,null,
SC6241_L1,L1,"Lựa chọn được quy trình, phương pháp và kỹ thuật kiểm thử phần mềm. Phân biệt được các loại kiểm thử và cấp độ kiểm thử trong vòng đời phát triển phần mềm.",PI 5.3;PI 6.1;PI 6.2,T
SC6241_L2,L2,"Thực hiện được các kiểm tra phần mềm dựa trên công cụ phổ biến đồng thời thực hiện ghi nhận, phân tích và báo cáo kiểm thử.",PI 5.1;PI 5.3,
SC6241_L3,L3,Vận dụng được các kỹ thuật kiểm thử vào bài toán thực tiễn; thực hiện đánh giá hiệu quả làm việc nhóm trong việc tuân thủ quy trình chất lượng.,PI 2.2;PI 5.3;PI 6.2;PI 6.3;PI 6.4,TU
SC6241_L1,L1,"Lựa chọn được quy trình, phương pháp và kỹ thuật kiểm thử phần mềm. Phân biệt được các loại kiểm thử và cấp độ kiểm thử trong vòng đời phát triển phần mềm.",PI 5.3;PI 6.1;PI 6.2,T
SC6241_L2,L2,"Thực hiện được các kiểm tra phần mềm dựa trên công cụ phổ biến đồng thời thực hiện ghi nhận, phân tích và báo cáo kiểm thử.",PI 5.1;PI 5.3,
SC6241_L3,L3,Vận dụng được các kỹ thuật kiểm thử vào bài toán thực tiễn; thực hiện đánh giá hiệu quả làm việc nhóm trong việc tuân thủ quy trình chất lượng.,PI 2.2;PI 5.3;PI 6.2;PI 6.3;PI 6.4,TU
SC6244_L1,L1,Sử dụng được các thuật toán trong TTNT cho bài toán cụ thể.,PI 1.2(2),T
SC6244_L2,L2,Lựa chọn và thực nghiệm được giải pháp phù hợp cho bài toán thực tế.,PI 1.3(1);(3);(4);(5),T
SC6244_L1,L1,Sử dụng được các thuật toán trong TTNT cho bài toán cụ thể.,PI 1.2(2),T
SC6244_L2,L2,Lựa chọn và thực nghiệm được giải pháp phù hợp cho bài toán thực tế.,PI 1.3(1);(3);(4);(5),T
SC6260_L1,L1,Thiết kế giải pháp phần mềm cho bài toán thực tế,PI 5.1,U
SC6260_L2,L2,Triển khai giải pháp phần mềm theo bản thiết kế,PI 5.2,U
SC6260_L3,L3,Đánh giá phần mềm đã thực hiện,PI 5.3,U
SC6260_L1,L1,Thiết kế giải pháp phần mềm cho bài toán thực tế,PI 5.1,U
SC6260_L2,L2,Triển khai giải pháp phần mềm theo bản thiết kế,PI 5.2,U
SC6260_L3,L3,Đánh giá phần mềm đã thực hiện,PI 5.3,U
SC6261_L1,L1,Thiết kế tương tác người - máy đáp ứng yêu cầu.,PI 6.1;PI 6.2;PI 5.1,T
SC6261_L2,L2,Triển khai sản phẩm tương tác người - máy phù hợp với thiết kế.,PI 6.2;PI 6.4;PI 5.1,T
SC6261_L1,L1,Thiết kế tương tác người - máy đáp ứng yêu cầu.,PI 6.1;PI 6.2;PI 5.1,T
SC6261_L2,L2,Triển khai sản phẩm tương tác người - máy phù hợp với thiết kế.,PI 6.2;PI 6.4;PI 5.1,T
SC6262_L1,L1,"Áp dụng được các kiến thức, kỹ thuật lập trình PHP nâng cao để giải quyết các bài toán cụ thể.",PI 4.1;PI 4.2,T
SC6262_L2,L2,Vận dụng được một vải PHP framework trong giải quyết các bài toán thực tế.,PI 4.1;PI 4.2,T
SC6262_L3,L3,Triển khai được các kỹ thuật lập trình PHP tổng hợp để giải quyết bài toán thực tế.,PI 4.2;PI 4.3;PI 5.2;PI 6,
SC6262_L1,L1,"Áp dụng được các kiến thức, kỹ thuật lập trình PHP nâng cao để giải quyết các bài toán cụ thể.",PI 4.1;PI 4.2,T
SC6262_L2,L2,Vận dụng được một vải PHP framework trong giải quyết các bài toán thực tế.,PI 4.1;PI 4.2,T
SC6262_L3,L3,Triển khai được các kỹ thuật lập trình PHP tổng hợp để giải quyết bài toán thực tế.,PI 4.2;PI 4.3;PI 5.2;PI 6,
SC6263_L1,L1,"Áp dụng được các kiến thức cơ bản về Jquery, Bootstrap vào thiết kế một trang web.",PI 5.1,IT
SC6263_L2,L2,Vận dụng được kiến thức tổng hợp của Jquery và Bootstrap để thiết kế một website thực tế.,PI 5.2,T
SC6263_L1,L1,"Áp dụng được các kiến thức cơ bản về Jquery, Bootstrap vào thiết kế một trang web.",PI 5.1,IT
SC6263_L2,L2,Vận dụng được kiến thức tổng hợp của Jquery và Bootstrap để thiết kế một website thực tế.,PI 5.2,T
SC6265_L1,L1,"Sử dụng thành thạo: các lệnh cơ bản python, functions, modules, cấu trúc dữ liệu.",PI 6.2,TU
SC6265_L2,L2,"Thao tác thành thạo xử lý file, nhập/xuất dữ liệu, lập trình hướng đối tượng.",PI 6.2,TU
SC6265_L1,L1,"Sử dụng thành thạo: các lệnh cơ bản python, functions, modules, cấu trúc dữ liệu.",PI 6.2,TU
SC6265_L2,L2,"Thao tác thành thạo xử lý file, nhập/xuất dữ liệu, lập trình hướng đối tượng.",PI 6.2,TU
SC6266_L1,L1,Sử dụng được các kiến thức lập trình Python nâng cao để giải quyết các yêu cầu trong lập trình.,PI 6.2,
SC6266_L2,L2,Vận dụng được các kỹ năng lập trình Python nâng cao để giải quyết các bài toán cơ bản.,PI 6.2,TU
SC6266_L3,L3,Vận dụng được quy trình phát triển phần mềm để giải quyết vấn đề thực tế bằng Python.,PI 6.2,TU
SC6266_L1,L1,Sử dụng được các kiến thức lập trình Python nâng cao để giải quyết các yêu cầu trong lập trình.,PI 6.2,
SC6266_L2,L2,Vận dụng được các kỹ năng lập trình Python nâng cao để giải quyết các bài toán cơ bản.,PI 6.2,TU
SC6266_L3,L3,Vận dụng được quy trình phát triển phần mềm để giải quyết vấn đề thực tế bằng Python.,PI 6.2,TU
SC6267_L1,L1,"Thiết kế và triển khai được một giải pháp phần mềm cho hệ thống thông tin dựa trên yêu cầu thực tế hoặc giả định, sử dụng các công cụ, kỹ thuật và quy trình phù hợp trong lĩnh vực Hệ thống thông tin.",PI 5.,
SC6267_L2,L2,"Đánh giá được giải pháp phần mềm đã xây dựng dựa trên các tiêu chí kỹ thuật, hiệu năng và khả năng đáp ứng yêu cầu, từ đó đề xuất cải tiến nhằm nâng cao chất lượng và tính khả thi của hệ thống thông tin.",PI 5.3,"T, U"
SC6267_L3,L3,"Lập và thực hiện được kế hoạch tự học, tự nghiên cứu; vận dụng tư duy đổi mới sáng tạo và tư duy khởi nghiệp trong quá trình làm việc nhóm, thiết kế và thuyết trình đồ án chuyên ngành Hệ thống thông tin.",PI 7.1;PI 7.2,U
SC6267_L1,L1,"Thiết kế và triển khai được một giải pháp phần mềm cho hệ thống thông tin dựa trên yêu cầu thực tế hoặc giả định, sử dụng các công cụ, kỹ thuật và quy trình phù hợp trong lĩnh vực Hệ thống thông tin.",PI 5.,
SC6267_L2,L2,"Đánh giá được giải pháp phần mềm đã xây dựng dựa trên các tiêu chí kỹ thuật, hiệu năng và khả năng đáp ứng yêu cầu, từ đó đề xuất cải tiến nhằm nâng cao chất lượng và tính khả thi của hệ thống thông tin.",PI 5.3,"T, U"
SC6267_L3,L3,"Lập và thực hiện được kế hoạch tự học, tự nghiên cứu; vận dụng tư duy đổi mới sáng tạo và tư duy khởi nghiệp trong quá trình làm việc nhóm, thiết kế và thuyết trình đồ án chuyên ngành Hệ thống thông tin.",PI 7.1;PI 7.2,U
SC6268_L1,L1,"Trình bày được các kiến thức cơ bản về phân tích nghiệp vụ như mô hình BACCM, các nhu cầu, yêu cầu, rủi ro từ các bên liên quan.",PI1.2,T
SC6268_L2,L2,"Khả năng lập kế hoạch phân tích nghiệp vụ và quản lý các yêu cầu bằng cách vận dụng các kiến thức về quy trình, phương pháp phân tích nghiệp vụ.",PI1.2,T
SC6268_L3,L3,"Lựa chọn được các giải pháp nhằm đáp ứng yêu cầu nghiệp vụ bằng các kỹ thuật, công cụ hiện đại.",PI1.2,T
SC6268_L1,L1,"Trình bày được các kiến thức cơ bản về phân tích nghiệp vụ như mô hình BACCM, các nhu cầu, yêu cầu, rủi ro từ các bên liên quan.",PI1.2,T
SC6268_L2,L2,"Khả năng lập kế hoạch phân tích nghiệp vụ và quản lý các yêu cầu bằng cách vận dụng các kiến thức về quy trình, phương pháp phân tích nghiệp vụ.",PI1.2,T
SC6268_L3,L3,"Lựa chọn được các giải pháp nhằm đáp ứng yêu cầu nghiệp vụ bằng các kỹ thuật, công cụ hiện đại.",PI1.2,T
