source_id,target_id,type,evidence_ids,retrieval_score,validation_confidence
BM6091,http://data.europa.eu/esco/skill/7111b95d-0ce3-441a-9d92-4c75d05c4388,SUPPORTS_KNOWLEDGE,,0.8113,
BM6091,http://data.europa.eu/esco/skill/cdd8b6b2-2fd9-453c-8d62-8a1dc6efcd49,SUPPORTS_KNOWLEDGE,,0.6925,
BM6091,http://data.europa.eu/esco/skill/bd698bbe-7003-4508-b422-46c2ff4d5e95,SUPPORTS_KNOWLEDGE,,0.6567,
BM6091,http://data.europa.eu/esco/skill/d5145a9a-602e-40bf-b3e1-f04cf9c3ef86,SUPPORTS_KNOWLEDGE,,0.6474,
BM6091,http://data.europa.eu/esco/skill/93e65de1-923c-437e-aa5b-e6002967ce71,SUPPORTS_KNOWLEDGE,,0.6415,
BM6091,http://data.europa.eu/esco/skill/bec4359e-cb92-468f-a997-8fb28e32fba9,SUPPORTS_KNOWLEDGE,,0.6195,
BM6091,http://data.europa.eu/esco/skill/09f2f811-a3fb-4de3-a70f-6420a6935575,SUPPORTS_KNOWLEDGE,,0.6047,
BM6091,http://data.europa.eu/esco/skill/2d140a3a-45a6-4248-80dd-b3760ebc9cc6,SUPPORTS_KNOWLEDGE,,0.5919,
BM6091,http://data.europa.eu/esco/skill/94dd823c-148e-4614-a6e8-99249b16357d,SUPPORTS_KNOWLEDGE,,0.5684,
BM6091,http://data.europa.eu/esco/skill/33e584f9-ff7a-4979-bfc0-5a3a374a145a,SUPPORTS_KNOWLEDGE,,0.5649,
BS6001,http://data.europa.eu/esco/skill/8b0f73ff-d36b-4196-bb83-464c3a6ef07d,SUPPORTS_KNOWLEDGE,,0.8245,
BS6001,http://data.europa.eu/esco/skill/45f1ae17-c20d-40fc-9307-7d33b6ca9213,SUPPORTS_KNOWLEDGE,,0.7257,
BS6001,http://data.europa.eu/esco/skill/e464363b-8346-421d-9035-52118b76d8c8,SUPPORTS_KNOWLEDGE,,0.7224,
BS6001,http://data.europa.eu/esco/skill/7159e587-c7cb-4ec0-a662-03e1dee2cccb,SUPPORTS_KNOWLEDGE,,0.6256,
BS6001,http://data.europa.eu/esco/skill/cdd8b6b2-2fd9-453c-8d62-8a1dc6efcd49,SUPPORTS_KNOWLEDGE,,0.615,
BS6001,http://data.europa.eu/esco/skill/f597f772-24d3-4cec-813c-cf5a7027c794,SUPPORTS_KNOWLEDGE,,0.5888,
BS6001,http://data.europa.eu/esco/skill/89f6560b-2194-45c9-9ece-d33049a73eef,SUPPORTS_KNOWLEDGE,,0.5705,
BS6001,http://data.europa.eu/esco/skill/afda6ca0-7aa8-41ef-ba5e-8dc607839daf,SUPPORTS_KNOWLEDGE,,0.5585,
BS6001,http://data.europa.eu/esco/skill/5b26f08b-88bc-45f0-b901-530d7786466b,SUPPORTS_KNOWLEDGE,,0.5584,
BS6001,http://data.europa.eu/esco/skill/5608d5a0-6d5e-43b7-be37-616501729bb4,SUPPORTS_KNOWLEDGE,,0.5444,
BS6002,http://data.europa.eu/esco/skill/b011c8b4-76e1-4bbc-8bb9-1d205e7b618a,SUPPORTS_KNOWLEDGE,,0.8238,
BS6002,http://data.europa.eu/esco/skill/68ef0e4d-5542-4e64-84f4-752cce5a3c22,SUPPORTS_KNOWLEDGE,,0.6651,
BS6002,http://data.europa.eu/esco/skill/33e584f9-ff7a-4979-bfc0-5a3a374a145a,SUPPORTS_KNOWLEDGE,,0.6491,
BS6002,http://data.europa.eu/esco/skill/8b0f73ff-d36b-4196-bb83-464c3a6ef07d,SUPPORTS_KNOWLEDGE,,0.6338,
BS6002,http://data.europa.eu/esco/skill/45f1ae17-c20d-40fc-9307-7d33b6ca9213,SUPPORTS_KNOWLEDGE,,0.627,
BS6002,http://data.europa.eu/esco/skill/98a1dec3-8138-4f46-a596-5e2a83b884b9,SUPPORTS_KNOWLEDGE,,0.6038,
BS6002,http://data.europa.eu/esco/skill/cef5c0f8-1e40-4c09-b6a7-aa7811849e5d,SUPPORTS_KNOWLEDGE,,0.6003,
BS6002,http://data.europa.eu/esco/skill/7159e587-c7cb-4ec0-a662-03e1dee2cccb,SUPPORTS_KNOWLEDGE,,0.5876,
BS6018,http://data.europa.eu/esco/skill/33e584f9-ff7a-4979-bfc0-5a3a374a145a,SUPPORTS_KNOWLEDGE,,0.8282,
BS6018,http://data.europa.eu/esco/skill/93e65de1-923c-437e-aa5b-e6002967ce71,SUPPORTS_KNOWLEDGE,,0.7505,
BS6018,http://data.europa.eu/esco/skill/123cf7c5-6a3b-419d-be4f-49a6cc020f9f,SUPPORTS_KNOWLEDGE,,0.7357,
BS6018,http://data.europa.eu/esco/skill/cef5c0f8-1e40-4c09-b6a7-aa7811849e5d,SUPPORTS_KNOWLEDGE,,0.6861,
BS6018,http://data.europa.eu/esco/skill/8b0f73ff-d36b-4196-bb83-464c3a6ef07d,SUPPORTS_KNOWLEDGE,,0.6176,
BS6018,http://data.europa.eu/esco/skill/5608d5a0-6d5e-43b7-be37-616501729bb4,SUPPORTS_KNOWLEDGE,,0.5803,
BS6018,http://data.europa.eu/esco/skill/7f2afce6-e98b-4bbe-8441-d52b45e28ab8,SUPPORTS_KNOWLEDGE,,0.5366,
BS6018,http://data.europa.eu/esco/skill/42cb7669-c371-4903-9c0b-13db67b2e4bb,SUPPORTS_KNOWLEDGE,,0.5316,
BS6018,http://data.europa.eu/esco/skill/5c606d18-6404-4047-b235-350f18e11827,SUPPORTS_KNOWLEDGE,,0.5229,
BS6019,http://data.europa.eu/esco/skill/74e49482-75e8-4637-bdb1-fff868d02f7a,SUPPORTS_KNOWLEDGE,,0.6899,
BS6019,http://data.europa.eu/esco/skill/edebd83d-35f6-4ed5-a940-6c203d178c01,SUPPORTS_KNOWLEDGE,,0.6304,
BS6019,http://data.europa.eu/esco/skill/7159e587-c7cb-4ec0-a662-03e1dee2cccb,SUPPORTS_KNOWLEDGE,,0.6065,
BS6019,http://data.europa.eu/esco/skill/cef5c0f8-1e40-4c09-b6a7-aa7811849e5d,SUPPORTS_KNOWLEDGE,,0.6064,
BS6019,http://data.europa.eu/esco/skill/b011c8b4-76e1-4bbc-8bb9-1d205e7b618a,SUPPORTS_KNOWLEDGE,,0.5874,
BS6019,http://data.europa.eu/esco/skill/5b26f08b-88bc-45f0-b901-530d7786466b,SUPPORTS_KNOWLEDGE,,0.5631,
BS6019,http://data.europa.eu/esco/skill/7b5cce4d-c7fe-4119-b48f-70aa05391787,SUPPORTS_KNOWLEDGE,,0.5512,
BS6019,http://data.europa.eu/esco/skill/e9575f7f-053a-439e-8074-f93df3334e92,SUPPORTS_KNOWLEDGE,,0.532,
BS6020,http://data.europa.eu/esco/skill/33e584f9-ff7a-4979-bfc0-5a3a374a145a,SUPPORTS_KNOWLEDGE,,0.7867,
BS6020,http://data.europa.eu/esco/skill/b011c8b4-76e1-4bbc-8bb9-1d205e7b618a,SUPPORTS_KNOWLEDGE,,0.7754,
BS6020,http://data.europa.eu/esco/skill/bd698bbe-7003-4508-b422-46c2ff4d5e95,SUPPORTS_KNOWLEDGE,,0.7731,
BS6020,http://data.europa.eu/esco/skill/5c606d18-6404-4047-b235-350f18e11827,SUPPORTS_KNOWLEDGE,,0.7328,
BS6020,http://data.europa.eu/esco/skill/8b0f73ff-d36b-4196-bb83-464c3a6ef07d,SUPPORTS_KNOWLEDGE,,0.7313,
BS6020,http://data.europa.eu/esco/skill/e9575f7f-053a-439e-8074-f93df3334e92,SUPPORTS_KNOWLEDGE,,0.6285,
BS6020,http://data.europa.eu/esco/skill/123cf7c5-6a3b-419d-be4f-49a6cc020f9f,SUPPORTS_KNOWLEDGE,,0.6114,
BS6020,http://data.europa.eu/esco/skill/cef5c0f8-1e40-4c09-b6a7-aa7811849e5d,SUPPORTS_KNOWLEDGE,,0.5914,
BS6020,http://data.europa.eu/esco/skill/d6d3fee7-47e2-47f4-a0ec-6c75f28c6abd,SUPPORTS_KNOWLEDGE,,0.5309,
BS6020,http://data.europa.eu/esco/skill/3be6b84a-fa78-42b9-a8df-150cdb40b9d7,SUPPORTS_KNOWLEDGE,,0.5288,
BS6021,http://data.europa.eu/esco/skill/cef5c0f8-1e40-4c09-b6a7-aa7811849e5d,SUPPORTS_KNOWLEDGE,,0.7948,
BS6021,http://data.europa.eu/esco/skill/8b0f73ff-d36b-4196-bb83-464c3a6ef07d,SUPPORTS_KNOWLEDGE,,0.7118,
BS6021,http://data.europa.eu/esco/skill/33e584f9-ff7a-4979-bfc0-5a3a374a145a,SUPPORTS_KNOWLEDGE,,0.7053,
BS6021,http://data.europa.eu/esco/skill/cdd8b6b2-2fd9-453c-8d62-8a1dc6efcd49,SUPPORTS_KNOWLEDGE,,0.7052,
BS6021,http://data.europa.eu/esco/skill/b011c8b4-76e1-4bbc-8bb9-1d205e7b618a,SUPPORTS_KNOWLEDGE,,0.6885,
BS6021,http://data.europa.eu/esco/skill/5b26f08b-88bc-45f0-b901-530d7786466b,SUPPORTS_KNOWLEDGE,,0.6263,
BS6021,http://data.europa.eu/esco/skill/7111b95d-0ce3-441a-9d92-4c75d05c4388,SUPPORTS_KNOWLEDGE,,0.6076,
BS6021,http://data.europa.eu/esco/skill/e9575f7f-053a-439e-8074-f93df3334e92,SUPPORTS_KNOWLEDGE,,0.5919,
BS6021,http://data.europa.eu/esco/skill/397da142-ab35-48fe-b154-7c38f447adfb,SUPPORTS_KNOWLEDGE,,0.5603,
BS6038,http://data.europa.eu/esco/skill/98a1dec3-8138-4f46-a596-5e2a83b884b9,SUPPORTS_KNOWLEDGE,,0.8206,
BS6038,http://data.europa.eu/esco/skill/8b0f73ff-d36b-4196-bb83-464c3a6ef07d,SUPPORTS_KNOWLEDGE,,0.8084,
BS6038,http://data.europa.eu/esco/skill/5be3d306-6cf1-4b49-aa1d-01651dd4ba4c,SUPPORTS_KNOWLEDGE,,0.7798,
BS6038,http://data.europa.eu/esco/skill/21d2f96d-35f7-4e3f-9745-c533d2dd6e97,SUPPORTS_KNOWLEDGE,,0.7645,
BS6038,http://data.europa.eu/esco/skill/e464363b-8346-421d-9035-52118b76d8c8,SUPPORTS_KNOWLEDGE,,0.692,
BS6038,http://data.europa.eu/esco/skill/b011c8b4-76e1-4bbc-8bb9-1d205e7b618a,SUPPORTS_KNOWLEDGE,,0.6791,
BS6038,http://data.europa.eu/esco/skill/9ef0f3a0-9ce2-4ef1-a987-0366b5cb2dbe,SUPPORTS_KNOWLEDGE,,0.6761,
BS6038,http://data.europa.eu/esco/skill/45f1ae17-c20d-40fc-9307-7d33b6ca9213,SUPPORTS_KNOWLEDGE,,0.6294,
BS6038,http://data.europa.eu/esco/skill/7b5cce4d-c7fe-4119-b48f-70aa05391787,SUPPORTS_KNOWLEDGE,,0.62,
BS6038,http://data.europa.eu/esco/skill/7111b95d-0ce3-441a-9d92-4c75d05c4388,SUPPORTS_KNOWLEDGE,,0.6063,
BS6042,http://data.europa.eu/esco/skill/8b0f73ff-d36b-4196-bb83-464c3a6ef07d,SUPPORTS_KNOWLEDGE,,0.835,
BS6042,http://data.europa.eu/esco/skill/98a1dec3-8138-4f46-a596-5e2a83b884b9,SUPPORTS_KNOWLEDGE,,0.6925,
BS6042,http://data.europa.eu/esco/skill/7111b95d-0ce3-441a-9d92-4c75d05c4388,SUPPORTS_KNOWLEDGE,,0.6749,
BS6042,http://data.europa.eu/esco/skill/edebd83d-35f6-4ed5-a940-6c203d178c01,SUPPORTS_KNOWLEDGE,,0.6534,
BS6042,http://data.europa.eu/esco/skill/45f1ae17-c20d-40fc-9307-7d33b6ca9213,SUPPORTS_KNOWLEDGE,,0.5972,
BS6042,http://data.europa.eu/esco/skill/7159e587-c7cb-4ec0-a662-03e1dee2cccb,SUPPORTS_KNOWLEDGE,,0.5932,
BS6042,http://data.europa.eu/esco/skill/5b26f08b-88bc-45f0-b901-530d7786466b,SUPPORTS_KNOWLEDGE,,0.5879,
BS6042,http://data.europa.eu/esco/skill/9bb7a97a-1a16-431e-8ea6-ad0f9f59aa0a,SUPPORTS_KNOWLEDGE,,0.5711,
BS6042,http://data.europa.eu/esco/skill/b011c8b4-76e1-4bbc-8bb9-1d205e7b618a,SUPPORTS_KNOWLEDGE,,0.5259,
BS6042,http://data.europa.eu/esco/skill/7b5cce4d-c7fe-4119-b48f-70aa05391787,SUPPORTS_KNOWLEDGE,,0.5208,
BS6051,http://data.europa.eu/esco/skill/5b26f08b-88bc-45f0-b901-530d7786466b,SUPPORTS_KNOWLEDGE,,0.7723,
BS6051,http://data.europa.eu/esco/skill/123cf7c5-6a3b-419d-be4f-49a6cc020f9f,SUPPORTS_KNOWLEDGE,,0.7372,
BS6051,http://data.europa.eu/esco/skill/45f1ae17-c20d-40fc-9307-7d33b6ca9213,SUPPORTS_KNOWLEDGE,,0.732,
BS6051,http://data.europa.eu/esco/skill/33e584f9-ff7a-4979-bfc0-5a3a374a145a,SUPPORTS_KNOWLEDGE,,0.6924,
BS6051,http://data.europa.eu/esco/skill/aba1f05b-f312-47d8-be71-7c574134de8f,SUPPORTS_KNOWLEDGE,,0.6668,
BS6051,http://data.europa.eu/esco/skill/afda6ca0-7aa8-41ef-ba5e-8dc607839daf,SUPPORTS_KNOWLEDGE,,0.6561,
BS6051,http://data.europa.eu/esco/skill/7159e587-c7cb-4ec0-a662-03e1dee2cccb,SUPPORTS_KNOWLEDGE,,0.6401,
BS6051,http://data.europa.eu/esco/skill/8b0f73ff-d36b-4196-bb83-464c3a6ef07d,SUPPORTS_KNOWLEDGE,,0.5955,
BS6051,http://data.europa.eu/esco/skill/925463a7-d51f-4d5b-9f79-4d28cf30acde,SUPPORTS_KNOWLEDGE,,0.5831,
BS6051,http://data.europa.eu/esco/skill/cef5c0f8-1e40-4c09-b6a7-aa7811849e5d,SUPPORTS_KNOWLEDGE,,0.5759,
IT6202,http://data.europa.eu/esco/skill/5b26f08b-88bc-45f0-b901-530d7786466b,SUPPORTS_KNOWLEDGE,,0.8584,
IT6202,http://data.europa.eu/esco/skill/89f6560b-2194-45c9-9ece-d33049a73eef,SUPPORTS_KNOWLEDGE,,0.7822,
IT6202,http://data.europa.eu/esco/skill/7b5cce4d-c7fe-4119-b48f-70aa05391787,SUPPORTS_KNOWLEDGE,,0.7512,
IT6202,http://data.europa.eu/esco/skill/2450c3b3-e78e-435b-b84d-e05d984e71dc,SUPPORTS_KNOWLEDGE,,0.7207,
IT6202,http://data.europa.eu/esco/skill/ed39edd3-44d0-4a16-9796-bfb99f92baf3,SUPPORTS_KNOWLEDGE,,0.7054,
IT6202,http://data.europa.eu/esco/skill/cdd8b6b2-2fd9-453c-8d62-8a1dc6efcd49,SUPPORTS_KNOWLEDGE,,0.6928,
IT6202,http://data.europa.eu/esco/skill/83218cac-3599-417e-93d2-26013cdccd98,SUPPORTS_KNOWLEDGE,,0.687,
IT6202,http://data.europa.eu/esco/skill/afda6ca0-7aa8-41ef-ba5e-8dc607839daf,SUPPORTS_KNOWLEDGE,,0.6508,
IT6202,http://data.europa.eu/esco/skill/ed1d8bd4-cd2a-4c64-b665-56d70651026c,SUPPORTS_KNOWLEDGE,,0.6252,
IT6202,http://data.europa.eu/esco/skill/24c200e5-be20-4370-a137-ab53797f3a17,SUPPORTS_KNOWLEDGE,,0.6249,
IT6203,http://data.europa.eu/esco/skill/2d140a3a-45a6-4248-80dd-b3760ebc9cc6,SUPPORTS_KNOWLEDGE,,0.8217,
IT6203,http://data.europa.eu/esco/skill/99207709-d076-4cce-ba38-e90d3bb28806,SUPPORTS_KNOWLEDGE,,0.7564,
IT6203,http://data.europa.eu/esco/skill/7111b95d-0ce3-441a-9d92-4c75d05c4388,SUPPORTS_KNOWLEDGE,,0.6884,
IT6203,http://data.europa.eu/esco/skill/123cf7c5-6a3b-419d-be4f-49a6cc020f9f,SUPPORTS_KNOWLEDGE,,0.6789,
IT6203,http://data.europa.eu/esco/skill/2450c3b3-e78e-435b-b84d-e05d984e71dc,SUPPORTS_KNOWLEDGE,,0.6321,
IT6203,http://data.europa.eu/esco/skill/8b0f73ff-d36b-4196-bb83-464c3a6ef07d,SUPPORTS_KNOWLEDGE,,0.6256,
IT6203,http://data.europa.eu/esco/skill/63f0aa84-5e4c-4eb6-8e8c-876d9feedf1f,SUPPORTS_KNOWLEDGE,,0.5954,
IT6203,http://data.europa.eu/esco/skill/00c04e40-35ea-4ed1-824c-82f936c8f876,SUPPORTS_KNOWLEDGE,,0.5953,
IT6203,http://data.europa.eu/esco/skill/7b5cce4d-c7fe-4119-b48f-70aa05391787,SUPPORTS_KNOWLEDGE,,0.5742,
IT6203,http://data.europa.eu/esco/skill/925463a7-d51f-4d5b-9f79-4d28cf30acde,SUPPORTS_KNOWLEDGE,,0.5738,
IT6204,http://data.europa.eu/esco/skill/7111b95d-0ce3-441a-9d92-4c75d05c4388,SUPPORTS_KNOWLEDGE,,0.8562,
IT6204,http://data.europa.eu/esco/skill/bec4359e-cb92-468f-a997-8fb28e32fba9,SUPPORTS_KNOWLEDGE,,0.7417,
IT6204,http://data.europa.eu/esco/skill/94dd823c-148e-4614-a6e8-99249b16357d,SUPPORTS_KNOWLEDGE,,0.6789,
IT6204,http://data.europa.eu/esco/skill/cdd8b6b2-2fd9-453c-8d62-8a1dc6efcd49,SUPPORTS_KNOWLEDGE,,0.6787,
IT6204,http://data.europa.eu/esco/skill/327d15c8-29ff-4ad4-a4fe-6536d777a45f,SUPPORTS_KNOWLEDGE,,0.6196,
IT6204,http://data.europa.eu/esco/skill/09f2f811-a3fb-4de3-a70f-6420a6935575,SUPPORTS_KNOWLEDGE,,0.5982,
IT6204,http://data.europa.eu/esco/skill/ed1d8bd4-cd2a-4c64-b665-56d70651026c,SUPPORTS_KNOWLEDGE,,0.5833,
IT6204,http://data.europa.eu/esco/skill/397da142-ab35-48fe-b154-7c38f447adfb,SUPPORTS_KNOWLEDGE,,0.5657,
IT6204,http://data.europa.eu/esco/skill/00c04e40-35ea-4ed1-824c-82f936c8f876,SUPPORTS_KNOWLEDGE,,0.5281,
IT6205,http://data.europa.eu/esco/skill/e9575f7f-053a-439e-8074-f93df3334e92,SUPPORTS_KNOWLEDGE,,0.8231,
IT6205,http://data.europa.eu/esco/skill/7111b95d-0ce3-441a-9d92-4c75d05c4388,SUPPORTS_KNOWLEDGE,,0.7286,
IT6205,http://data.europa.eu/esco/skill/cef5c0f8-1e40-4c09-b6a7-aa7811849e5d,SUPPORTS_KNOWLEDGE,,0.689,
IT6205,http://data.europa.eu/esco/skill/bec4359e-cb92-468f-a997-8fb28e32fba9,SUPPORTS_KNOWLEDGE,,0.6414,
IT6205,http://data.europa.eu/esco/skill/94dd823c-148e-4614-a6e8-99249b16357d,SUPPORTS_KNOWLEDGE,,0.6146,
IT6205,http://data.europa.eu/esco/skill/327d15c8-29ff-4ad4-a4fe-6536d777a45f,SUPPORTS_KNOWLEDGE,,0.5588,
IT6205,http://data.europa.eu/esco/skill/09f2f811-a3fb-4de3-a70f-6420a6935575,SUPPORTS_KNOWLEDGE,,0.5458,
IT6205,http://data.europa.eu/esco/skill/33e584f9-ff7a-4979-bfc0-5a3a374a145a,SUPPORTS_KNOWLEDGE,,0.5413,
IT6205,http://data.europa.eu/esco/skill/5b26f08b-88bc-45f0-b901-530d7786466b,SUPPORTS_KNOWLEDGE,,0.4933,
IT6206,http://data.europa.eu/esco/skill/ed3f3dba-3a35-4ed5-b113-67f4d10ef4c8,SUPPORTS_KNOWLEDGE,,0.777,
IT6206,http://data.europa.eu/esco/skill/bec4359e-cb92-468f-a997-8fb28e32fba9,SUPPORTS_KNOWLEDGE,,0.7527,
IT6206,http://data.europa.eu/esco/skill/d5a59ca8-2e91-472e-8571-d12ce4478679,SUPPORTS_KNOWLEDGE,,0.713,
IT6206,http://data.europa.eu/esco/skill/0a9acb6b-1139-4be9-b431-3a80a959f2f4,SUPPORTS_KNOWLEDGE,,0.7032,
IT6206,http://data.europa.eu/esco/skill/7111b95d-0ce3-441a-9d92-4c75d05c4388,SUPPORTS_KNOWLEDGE,,0.6904,
IT6206,http://data.europa.eu/esco/skill/79f24a62-7718-46e1-9b41-37be0560a5ca,SUPPORTS_KNOWLEDGE,,0.6738,
IT6206,http://data.europa.eu/esco/skill/da6393d5-a53c-4863-abc7-51f36281d74e,SUPPORTS_KNOWLEDGE,,0.6479,
IT6206,http://data.europa.eu/esco/skill/94dd823c-148e-4614-a6e8-99249b16357d,SUPPORTS_KNOWLEDGE,,0.6256,
IT6207,http://data.europa.eu/esco/skill/33e584f9-ff7a-4979-bfc0-5a3a374a145a,SUPPORTS_KNOWLEDGE,,0.8498,
IT6207,http://data.europa.eu/esco/skill/ec6df9cb-be92-4027-80fa-83b70aabce58,SUPPORTS_KNOWLEDGE,,0.7924,
IT6207,http://data.europa.eu/esco/skill/7111b95d-0ce3-441a-9d92-4c75d05c4388,SUPPORTS_KNOWLEDGE,,0.7889,
IT6207,http://data.europa.eu/esco/skill/2d140a3a-45a6-4248-80dd-b3760ebc9cc6,SUPPORTS_KNOWLEDGE,,0.7792,
IT6207,http://data.europa.eu/esco/skill/e9575f7f-053a-439e-8074-f93df3334e92,SUPPORTS_KNOWLEDGE,,0.7573,
IT6207,http://data.europa.eu/esco/skill/5608d5a0-6d5e-43b7-be37-616501729bb4,SUPPORTS_KNOWLEDGE,,0.7201,
IT6207,http://data.europa.eu/esco/skill/f0de4973-0a70-4644-8fd4-3a97080476f4,SUPPORTS_KNOWLEDGE,,0.6632,
IT6207,http://data.europa.eu/esco/skill/5c606d18-6404-4047-b235-350f18e11827,SUPPORTS_KNOWLEDGE,,0.6298,
IT6207,http://data.europa.eu/esco/skill/89f6560b-2194-45c9-9ece-d33049a73eef,SUPPORTS_KNOWLEDGE,,0.6243,
IT6207,http://data.europa.eu/esco/skill/b011c8b4-76e1-4bbc-8bb9-1d205e7b618a,SUPPORTS_KNOWLEDGE,,0.5596,
IT6208,http://data.europa.eu/esco/skill/bec4359e-cb92-468f-a997-8fb28e32fba9,SUPPORTS_KNOWLEDGE,,0.8996,
IT6208,http://data.europa.eu/esco/skill/7111b95d-0ce3-441a-9d92-4c75d05c4388,SUPPORTS_KNOWLEDGE,,0.8515,
IT6208,http://data.europa.eu/esco/skill/d5a59ca8-2e91-472e-8571-d12ce4478679,SUPPORTS_KNOWLEDGE,,0.8396,
IT6208,http://data.europa.eu/esco/skill/0a9acb6b-1139-4be9-b431-3a80a959f2f4,SUPPORTS_KNOWLEDGE,,0.8108,
IT6208,http://data.europa.eu/esco/skill/da6393d5-a53c-4863-abc7-51f36281d74e,SUPPORTS_KNOWLEDGE,,0.757,
IT6208,http://data.europa.eu/esco/skill/94dd823c-148e-4614-a6e8-99249b16357d,SUPPORTS_KNOWLEDGE,,0.742,
IT6208,http://data.europa.eu/esco/skill/6eff134b-e34f-4d6e-a6e8-5e47cf2228d0,SUPPORTS_KNOWLEDGE,,0.7154,
IT6208,http://data.europa.eu/esco/skill/e9575f7f-053a-439e-8074-f93df3334e92,SUPPORTS_KNOWLEDGE,,0.7125,
IT6208,http://data.europa.eu/esco/skill/5b26f08b-88bc-45f0-b901-530d7786466b,SUPPORTS_KNOWLEDGE,,0.6441,
IT6217,http://data.europa.eu/esco/skill/5b26f08b-88bc-45f0-b901-530d7786466b,SUPPORTS_KNOWLEDGE,,0.7788,
IT6217,http://data.europa.eu/esco/skill/93e65de1-923c-437e-aa5b-e6002967ce71,SUPPORTS_KNOWLEDGE,,0.7135,
IT6217,http://data.europa.eu/esco/skill/89f6560b-2194-45c9-9ece-d33049a73eef,SUPPORTS_KNOWLEDGE,,0.6208,
IT6217,http://data.europa.eu/esco/skill/7b0d5000-00da-4864-b776-6de49a87a669,SUPPORTS_KNOWLEDGE,,0.5667,
IT6217,http://data.europa.eu/esco/skill/c453cf81-6197-428e-84c6-70c773b63f27,SUPPORTS_KNOWLEDGE,,0.5639,
IT6217,http://data.europa.eu/esco/skill/afda6ca0-7aa8-41ef-ba5e-8dc607839daf,SUPPORTS_KNOWLEDGE,,0.5506,
IT6217,http://data.europa.eu/esco/skill/7b5cce4d-c7fe-4119-b48f-70aa05391787,SUPPORTS_KNOWLEDGE,,0.5376,
IT6217,http://data.europa.eu/esco/skill/123cf7c5-6a3b-419d-be4f-49a6cc020f9f,SUPPORTS_KNOWLEDGE,,0.5133,
IT6218,http://data.europa.eu/esco/skill/c453cf81-6197-428e-84c6-70c773b63f27,SUPPORTS_KNOWLEDGE,,0.7705,
IT6218,http://data.europa.eu/esco/skill/edebd83d-35f6-4ed5-a940-6c203d178c01,SUPPORTS_KNOWLEDGE,,0.6457,
IT6218,http://data.europa.eu/esco/skill/2d140a3a-45a6-4248-80dd-b3760ebc9cc6,SUPPORTS_KNOWLEDGE,,0.6092,
IT6218,http://data.europa.eu/esco/skill/83218cac-3599-417e-93d2-26013cdccd98,SUPPORTS_KNOWLEDGE,,0.6046,
IT6218,http://data.europa.eu/esco/skill/ccdbd9bb-4faf-403c-a968-e8bf487f8a53,SUPPORTS_KNOWLEDGE,,0.5607,
IT6218,http://data.europa.eu/esco/skill/63f0aa84-5e4c-4eb6-8e8c-876d9feedf1f,SUPPORTS_KNOWLEDGE,,0.5553,
IT6218,http://data.europa.eu/esco/skill/bec4359e-cb92-468f-a997-8fb28e32fba9,SUPPORTS_KNOWLEDGE,,0.5383,
IT6218,http://data.europa.eu/esco/skill/43ae58b9-5e56-4524-b45a-b422777a0576,SUPPORTS_KNOWLEDGE,,0.5347,
IT6218,http://data.europa.eu/esco/skill/9d2e926f-53d9-41f5-98f3-19dfaa687f3f,SUPPORTS_KNOWLEDGE,,0.4776,
IT6218,http://data.europa.eu/esco/skill/2450c3b3-e78e-435b-b84d-e05d984e71dc,SUPPORTS_KNOWLEDGE,,0.4616,
SC6013,http://data.europa.eu/esco/skill/bec4359e-cb92-468f-a997-8fb28e32fba9,SUPPORTS_KNOWLEDGE,,0.8149,
SC6013,http://data.europa.eu/esco/skill/98a1dec3-8138-4f46-a596-5e2a83b884b9,SUPPORTS_KNOWLEDGE,,0.7612,
SC6013,http://data.europa.eu/esco/skill/94dd823c-148e-4614-a6e8-99249b16357d,SUPPORTS_KNOWLEDGE,,0.7114,
SC6013,http://data.europa.eu/esco/skill/d5a59ca8-2e91-472e-8571-d12ce4478679,SUPPORTS_KNOWLEDGE,,0.692,
SC6013,http://data.europa.eu/esco/skill/d5145a9a-602e-40bf-b3e1-f04cf9c3ef86,SUPPORTS_KNOWLEDGE,,0.6886,
SC6013,http://data.europa.eu/esco/skill/ca73ac82-867a-4afa-9732-834aebe896ff,SUPPORTS_KNOWLEDGE,,0.6126,
SC6013,http://data.europa.eu/esco/skill/6eff134b-e34f-4d6e-a6e8-5e47cf2228d0,SUPPORTS_KNOWLEDGE,,0.606,
SC6013,http://data.europa.eu/esco/skill/da6393d5-a53c-4863-abc7-51f36281d74e,SUPPORTS_KNOWLEDGE,,0.5965,
SC6013,http://data.europa.eu/esco/skill/0a9acb6b-1139-4be9-b431-3a80a959f2f4,SUPPORTS_KNOWLEDGE,,0.5934,
SC6016,http://data.europa.eu/esco/skill/7111b95d-0ce3-441a-9d92-4c75d05c4388,SUPPORTS_KNOWLEDGE,,0.8091,
SC6016,http://data.europa.eu/esco/skill/327d15c8-29ff-4ad4-a4fe-6536d777a45f,SUPPORTS_KNOWLEDGE,,0.7141,
SC6016,http://data.europa.eu/esco/skill/f0de4973-0a70-4644-8fd4-3a97080476f4,SUPPORTS_KNOWLEDGE,,0.6855,
SC6016,http://data.europa.eu/esco/skill/cdd8b6b2-2fd9-453c-8d62-8a1dc6efcd49,SUPPORTS_KNOWLEDGE,,0.6719,
SC6016,http://data.europa.eu/esco/skill/94dd823c-148e-4614-a6e8-99249b16357d,SUPPORTS_KNOWLEDGE,,0.6656,
SC6016,http://data.europa.eu/esco/skill/93e65de1-923c-437e-aa5b-e6002967ce71,SUPPORTS_KNOWLEDGE,,0.5613,
SC6016,http://data.europa.eu/esco/skill/9ce670ec-318c-4a91-9179-03437db728dc,SUPPORTS_KNOWLEDGE,,0.5525,
SC6016,http://data.europa.eu/esco/skill/85f46538-ae70-498a-bfbc-b8ddafe96c7d,SUPPORTS_KNOWLEDGE,,0.5522,
SC6016,http://data.europa.eu/esco/skill/33e584f9-ff7a-4979-bfc0-5a3a374a145a,SUPPORTS_KNOWLEDGE,,0.5512,
SC6016,http://data.europa.eu/esco/skill/3ce1fe19-7f9e-4070-941d-651673a5693b,SUPPORTS_KNOWLEDGE,,0.5411,
SC6019,http://data.europa.eu/esco/skill/2450c3b3-e78e-435b-b84d-e05d984e71dc,SUPPORTS_KNOWLEDGE,,0.8108,
SC6019,http://data.europa.eu/esco/skill/33d49d4f-31ec-473f-9b8a-b555aa5116bb,SUPPORTS_KNOWLEDGE,,0.7859,
SC6019,http://data.europa.eu/esco/skill/5be3d306-6cf1-4b49-aa1d-01651dd4ba4c,SUPPORTS_KNOWLEDGE,,0.712,
SC6019,http://data.europa.eu/esco/skill/7b5cce4d-c7fe-4119-b48f-70aa05391787,SUPPORTS_KNOWLEDGE,,0.7082,
SC6019,http://data.europa.eu/esco/skill/7159e587-c7cb-4ec0-a662-03e1dee2cccb,SUPPORTS_KNOWLEDGE,,0.6916,
SC6019,http://data.europa.eu/esco/skill/ed1d8bd4-cd2a-4c64-b665-56d70651026c,SUPPORTS_KNOWLEDGE,,0.6654,
SC6019,http://data.europa.eu/esco/skill/5b26f08b-88bc-45f0-b901-530d7786466b,SUPPORTS_KNOWLEDGE,,0.6587,
SC6019,http://data.europa.eu/esco/skill/45f1ae17-c20d-40fc-9307-7d33b6ca9213,SUPPORTS_KNOWLEDGE,,0.6518,
SC6019,http://data.europa.eu/esco/skill/8ff015a0-98ea-4d80-a23e-1f68110a919e,SUPPORTS_KNOWLEDGE,,0.6398,
SC6200,http://data.europa.eu/esco/skill/cef5c0f8-1e40-4c09-b6a7-aa7811849e5d,SUPPORTS_KNOWLEDGE,,0.7374,
SC6200,http://data.europa.eu/esco/skill/3ff589b7-68df-4ea5-ae41-b395bdb2378f,SUPPORTS_KNOWLEDGE,,0.7082,
SC6200,http://data.europa.eu/esco/skill/1c2978b8-bb0d-4249-9c23-877571a4dffa,SUPPORTS_KNOWLEDGE,,0.6217,
SC6200,http://data.europa.eu/esco/skill/7814e88f-c133-4c3b-b27f-857afa145d42,SUPPORTS_KNOWLEDGE,,0.607,
SC6200,http://data.europa.eu/esco/skill/5acf6408-e084-4202-9442-ffcf0119811c,SUPPORTS_KNOWLEDGE,,0.5936,
SC6200,http://data.europa.eu/esco/skill/45f1ae17-c20d-40fc-9307-7d33b6ca9213,SUPPORTS_KNOWLEDGE,,0.5836,
SC6200,http://data.europa.eu/esco/skill/5b26f08b-88bc-45f0-b901-530d7786466b,SUPPORTS_KNOWLEDGE,,0.5585,
SC6200,http://data.europa.eu/esco/skill/33e584f9-ff7a-4979-bfc0-5a3a374a145a,SUPPORTS_KNOWLEDGE,,0.5268,
SC6200,http://data.europa.eu/esco/skill/8fa510d0-a8a6-4932-a361-00f8442cfe23,SUPPORTS_KNOWLEDGE,,0.5009,
SC6202,http://data.europa.eu/esco/skill/98a1dec3-8138-4f46-a596-5e2a83b884b9,SUPPORTS_KNOWLEDGE,,0.8432,
SC6202,http://data.europa.eu/esco/skill/cdd8b6b2-2fd9-453c-8d62-8a1dc6efcd49,SUPPORTS_KNOWLEDGE,,0.7778,
SC6202,http://data.europa.eu/esco/skill/bd698bbe-7003-4508-b422-46c2ff4d5e95,SUPPORTS_KNOWLEDGE,,0.7267,
SC6202,http://data.europa.eu/esco/skill/7ee4c2ea-b349-4bd2-81a3-ec31475d4833,SUPPORTS_KNOWLEDGE,,0.7158,
SC6202,http://data.europa.eu/esco/skill/8b0f73ff-d36b-4196-bb83-464c3a6ef07d,SUPPORTS_KNOWLEDGE,,0.6901,
SC6202,http://data.europa.eu/esco/skill/11c56452-fcec-4b00-9695-cca4728e5048,SUPPORTS_KNOWLEDGE,,0.663,
SC6202,http://data.europa.eu/esco/skill/6f8baa62-bc2b-4cc1-942b-f540c837cfa2,SUPPORTS_KNOWLEDGE,,0.6242,
SC6202,http://data.europa.eu/esco/skill/45f1ae17-c20d-40fc-9307-7d33b6ca9213,SUPPORTS_KNOWLEDGE,,0.5926,
SC6202,http://data.europa.eu/esco/skill/33d49d4f-31ec-473f-9b8a-b555aa5116bb,SUPPORTS_KNOWLEDGE,,0.5743,
SC6205,http://data.europa.eu/esco/skill/e464363b-8346-421d-9035-52118b76d8c8,SUPPORTS_KNOWLEDGE,,0.864,
SC6205,http://data.europa.eu/esco/skill/edebd83d-35f6-4ed5-a940-6c203d178c01,SUPPORTS_KNOWLEDGE,,0.7713,
SC6205,http://data.europa.eu/esco/skill/ecc4552a-92c5-4222-b18d-faf5ac841080,SUPPORTS_KNOWLEDGE,,0.6997,
SC6205,http://data.europa.eu/esco/skill/7b5cce4d-c7fe-4119-b48f-70aa05391787,SUPPORTS_KNOWLEDGE,,0.6826,
SC6205,http://data.europa.eu/esco/skill/98a1dec3-8138-4f46-a596-5e2a83b884b9,SUPPORTS_KNOWLEDGE,,0.676,
SC6205,http://data.europa.eu/esco/skill/8b0f73ff-d36b-4196-bb83-464c3a6ef07d,SUPPORTS_KNOWLEDGE,,0.6502,
SC6205,http://data.europa.eu/esco/skill/5608d5a0-6d5e-43b7-be37-616501729bb4,SUPPORTS_KNOWLEDGE,,0.6423,
SC6205,http://data.europa.eu/esco/skill/2450c3b3-e78e-435b-b84d-e05d984e71dc,SUPPORTS_KNOWLEDGE,,0.6052,
SC6205,http://data.europa.eu/esco/skill/cef5c0f8-1e40-4c09-b6a7-aa7811849e5d,SUPPORTS_KNOWLEDGE,,0.5905,
SC6205,http://data.europa.eu/esco/skill/5be3d306-6cf1-4b49-aa1d-01651dd4ba4c,SUPPORTS_KNOWLEDGE,,0.588,
SC6206,http://data.europa.eu/esco/skill/33e584f9-ff7a-4979-bfc0-5a3a374a145a,SUPPORTS_KNOWLEDGE,,0.8637,
SC6206,http://data.europa.eu/esco/skill/93e65de1-923c-437e-aa5b-e6002967ce71,SUPPORTS_KNOWLEDGE,,0.8518,
SC6206,http://data.europa.eu/esco/skill/edebd83d-35f6-4ed5-a940-6c203d178c01,SUPPORTS_KNOWLEDGE,,0.8432,
SC6206,http://data.europa.eu/esco/skill/fecf8a0d-62c4-4e71-9b03-0f4fc2ad7bf5,SUPPORTS_KNOWLEDGE,,0.768,
SC6206,http://data.europa.eu/esco/skill/2450c3b3-e78e-435b-b84d-e05d984e71dc,SUPPORTS_KNOWLEDGE,,0.7489,
SC6206,http://data.europa.eu/esco/skill/43ae58b9-5e56-4524-b45a-b422777a0576,SUPPORTS_KNOWLEDGE,,0.6956,
SC6206,http://data.europa.eu/esco/skill/7159e587-c7cb-4ec0-a662-03e1dee2cccb,SUPPORTS_KNOWLEDGE,,0.6786,
SC6206,http://data.europa.eu/esco/skill/b011c8b4-76e1-4bbc-8bb9-1d205e7b618a,SUPPORTS_KNOWLEDGE,,0.6219,
SC6206,http://data.europa.eu/esco/skill/e9575f7f-053a-439e-8074-f93df3334e92,SUPPORTS_KNOWLEDGE,,0.6021,
SC6208,http://data.europa.eu/esco/skill/21d2f96d-35f7-4e3f-9745-c533d2dd6e97,SUPPORTS_KNOWLEDGE,,0.8022,
SC6208,http://data.europa.eu/esco/skill/5b26f08b-88bc-45f0-b901-530d7786466b,SUPPORTS_KNOWLEDGE,,0.7912,
SC6208,http://data.europa.eu/esco/skill/7b5cce4d-c7fe-4119-b48f-70aa05391787,SUPPORTS_KNOWLEDGE,,0.7776,
SC6208,http://data.europa.eu/esco/skill/a4d336a6-9ffd-402a-91cc-f359716ba4e0,SUPPORTS_KNOWLEDGE,,0.6036,
SC6208,http://data.europa.eu/esco/skill/b105ec9b-0857-41d6-8d07-a83e58b73d90,SUPPORTS_KNOWLEDGE,,0.5858,
SC6208,http://data.europa.eu/esco/skill/98a1dec3-8138-4f46-a596-5e2a83b884b9,SUPPORTS_KNOWLEDGE,,0.5803,
SC6208,http://data.europa.eu/esco/skill/bec4359e-cb92-468f-a997-8fb28e32fba9,SUPPORTS_KNOWLEDGE,,0.5651,
SC6208,http://data.europa.eu/esco/skill/8ff015a0-98ea-4d80-a23e-1f68110a919e,SUPPORTS_KNOWLEDGE,,0.56,
SC6208,http://data.europa.eu/esco/skill/89f6560b-2194-45c9-9ece-d33049a73eef,SUPPORTS_KNOWLEDGE,,0.5545,
SC6210,http://data.europa.eu/esco/skill/b105ec9b-0857-41d6-8d07-a83e58b73d90,SUPPORTS_KNOWLEDGE,,0.7129,
SC6210,http://data.europa.eu/esco/skill/2450c3b3-e78e-435b-b84d-e05d984e71dc,SUPPORTS_KNOWLEDGE,,0.6877,
SC6210,http://data.europa.eu/esco/skill/8369ede5-4200-4a44-be2e-bc60ef959259,SUPPORTS_KNOWLEDGE,,0.6453,
SC6210,http://data.europa.eu/esco/skill/8ff015a0-98ea-4d80-a23e-1f68110a919e,SUPPORTS_KNOWLEDGE,,0.5939,
SC6210,http://data.europa.eu/esco/skill/9ce670ec-318c-4a91-9179-03437db728dc,SUPPORTS_KNOWLEDGE,,0.59,
SC6210,http://data.europa.eu/esco/skill/5b26f08b-88bc-45f0-b901-530d7786466b,SUPPORTS_KNOWLEDGE,,0.5891,
SC6210,http://data.europa.eu/esco/skill/24c200e5-be20-4370-a137-ab53797f3a17,SUPPORTS_KNOWLEDGE,,0.5754,
SC6210,http://data.europa.eu/esco/skill/9973a5a2-7822-4161-99e9-95c781eb63f8,SUPPORTS_KNOWLEDGE,,0.5622,
SC6211,http://data.europa.eu/esco/skill/5be3d306-6cf1-4b49-aa1d-01651dd4ba4c,SUPPORTS_KNOWLEDGE,,0.8393,
SC6211,http://data.europa.eu/esco/skill/ed1d8bd4-cd2a-4c64-b665-56d70651026c,SUPPORTS_KNOWLEDGE,,0.8241,
SC6211,http://data.europa.eu/esco/skill/45f1ae17-c20d-40fc-9307-7d33b6ca9213,SUPPORTS_KNOWLEDGE,,0.7372,
SC6211,http://data.europa.eu/esco/skill/f0de4973-0a70-4644-8fd4-3a97080476f4,SUPPORTS_KNOWLEDGE,,0.7047,
SC6211,http://data.europa.eu/esco/skill/21d2f96d-35f7-4e3f-9745-c533d2dd6e97,SUPPORTS_KNOWLEDGE,,0.6138,
SC6211,http://data.europa.eu/esco/skill/9973a5a2-7822-4161-99e9-95c781eb63f8,SUPPORTS_KNOWLEDGE,,0.5517,
SC6211,http://data.europa.eu/esco/skill/edebd83d-35f6-4ed5-a940-6c203d178c01,SUPPORTS_KNOWLEDGE,,0.5489,
SC6211,http://data.europa.eu/esco/skill/013441c1-1f13-47e9-80c4-9a53e8e1bc05,SUPPORTS_KNOWLEDGE,,0.538,
SC6211,http://data.europa.eu/esco/skill/925463a7-d51f-4d5b-9f79-4d28cf30acde,SUPPORTS_KNOWLEDGE,,0.5242,
SC6212,http://data.europa.eu/esco/skill/5be3d306-6cf1-4b49-aa1d-01651dd4ba4c,SUPPORTS_KNOWLEDGE,,0.7756,
SC6212,http://data.europa.eu/esco/skill/21d2f96d-35f7-4e3f-9745-c533d2dd6e97,SUPPORTS_KNOWLEDGE,,0.6907,
SC6212,http://data.europa.eu/esco/skill/4c016b68-4116-468c-9dc6-42710c239e4a,SUPPORTS_KNOWLEDGE,,0.6821,
SC6212,http://data.europa.eu/esco/skill/19a8293b-8e95-4de3-983f-77484079c389,SUPPORTS_KNOWLEDGE,,0.671,
SC6212,http://data.europa.eu/esco/skill/83218cac-3599-417e-93d2-26013cdccd98,SUPPORTS_KNOWLEDGE,,0.6387,
SC6212,http://data.europa.eu/esco/skill/13bdd41a-2a18-441f-96db-41252c519413,SUPPORTS_KNOWLEDGE,,0.6289,
SC6212,http://data.europa.eu/esco/skill/63f0aa84-5e4c-4eb6-8e8c-876d9feedf1f,SUPPORTS_KNOWLEDGE,,0.5862,
SC6212,http://data.europa.eu/esco/skill/42ed3bfb-1a01-4c8b-9758-fc6438865734,SUPPORTS_KNOWLEDGE,,0.5721,
SC6212,http://data.europa.eu/esco/skill/867137fb-ff1b-4ca3-99f3-cb6969aa2c68,SUPPORTS_KNOWLEDGE,,0.552,
SC6214,http://data.europa.eu/esco/skill/dcdd5ddf-82a6-4ac3-8edc-d4b23cae9a88,SUPPORTS_KNOWLEDGE,,0.8169,
SC6214,http://data.europa.eu/esco/skill/bec4359e-cb92-468f-a997-8fb28e32fba9,SUPPORTS_KNOWLEDGE,,0.8084,
SC6214,http://data.europa.eu/esco/skill/21d2f96d-35f7-4e3f-9745-c533d2dd6e97,SUPPORTS_KNOWLEDGE,,0.765,
SC6214,http://data.europa.eu/esco/skill/56a7f561-1d55-43c9-9cd7-36a0a9bc6c50,SUPPORTS_KNOWLEDGE,,0.7648,
SC6214,http://data.europa.eu/esco/skill/6a876489-7ad8-4a13-b09c-c9b8e97a302e,SUPPORTS_KNOWLEDGE,,0.6919,
SC6214,http://data.europa.eu/esco/skill/ed1d8bd4-cd2a-4c64-b665-56d70651026c,SUPPORTS_KNOWLEDGE,,0.6547,
SC6214,http://data.europa.eu/esco/skill/13bdd41a-2a18-441f-96db-41252c519413,SUPPORTS_KNOWLEDGE,,0.6503,
SC6214,http://data.europa.eu/esco/skill/96eb286a-58b7-45ff-a916-5578d0b79b8c,SUPPORTS_KNOWLEDGE,,0.6241,
SC6214,http://data.europa.eu/esco/skill/4c016b68-4116-468c-9dc6-42710c239e4a,SUPPORTS_KNOWLEDGE,,0.6209,
SC6215,http://data.europa.eu/esco/skill/bec4359e-cb92-468f-a997-8fb28e32fba9,SUPPORTS_KNOWLEDGE,,0.838,
SC6215,http://data.europa.eu/esco/skill/f0de4973-0a70-4644-8fd4-3a97080476f4,SUPPORTS_KNOWLEDGE,,0.7691,
SC6215,http://data.europa.eu/esco/skill/b105ec9b-0857-41d6-8d07-a83e58b73d90,SUPPORTS_KNOWLEDGE,,0.6494,
SC6215,http://data.europa.eu/esco/skill/9b9de2a4-d8af-4a7b-933a-a8334ae60067,SUPPORTS_KNOWLEDGE,,0.6431,
SC6215,http://data.europa.eu/esco/skill/7111b95d-0ce3-441a-9d92-4c75d05c4388,SUPPORTS_KNOWLEDGE,,0.6235,
SC6215,http://data.europa.eu/esco/skill/24c200e5-be20-4370-a137-ab53797f3a17,SUPPORTS_KNOWLEDGE,,0.5901,
SC6215,http://data.europa.eu/esco/skill/8ff015a0-98ea-4d80-a23e-1f68110a919e,SUPPORTS_KNOWLEDGE,,0.5822,
SC6215,http://data.europa.eu/esco/skill/0a9acb6b-1139-4be9-b431-3a80a959f2f4,SUPPORTS_KNOWLEDGE,,0.5772,
SC6215,http://data.europa.eu/esco/skill/21d2f96d-35f7-4e3f-9745-c533d2dd6e97,SUPPORTS_KNOWLEDGE,,0.57,
SC6215,http://data.europa.eu/esco/skill/ed1d8bd4-cd2a-4c64-b665-56d70651026c,SUPPORTS_KNOWLEDGE,,0.567,
SC6218,http://data.europa.eu/esco/skill/0a9acb6b-1139-4be9-b431-3a80a959f2f4,SUPPORTS_KNOWLEDGE,,0.7722,
SC6218,http://data.europa.eu/esco/skill/d5a59ca8-2e91-472e-8571-d12ce4478679,SUPPORTS_KNOWLEDGE,,0.7537,
SC6218,http://data.europa.eu/esco/skill/da6393d5-a53c-4863-abc7-51f36281d74e,SUPPORTS_KNOWLEDGE,,0.7415,
SC6218,http://data.europa.eu/esco/skill/7111b95d-0ce3-441a-9d92-4c75d05c4388,SUPPORTS_KNOWLEDGE,,0.7332,
SC6218,http://data.europa.eu/esco/skill/bec4359e-cb92-468f-a997-8fb28e32fba9,SUPPORTS_KNOWLEDGE,,0.6995,
SC6218,http://data.europa.eu/esco/skill/94dd823c-148e-4614-a6e8-99249b16357d,SUPPORTS_KNOWLEDGE,,0.6801,
SC6218,http://data.europa.eu/esco/skill/de0be6e8-644c-4cc9-9c8d-925dd98dda56,SUPPORTS_KNOWLEDGE,,0.6606,
SC6218,http://data.europa.eu/esco/skill/b105ec9b-0857-41d6-8d07-a83e58b73d90,SUPPORTS_KNOWLEDGE,,0.6453,
SC6219,http://data.europa.eu/esco/skill/9d2e926f-53d9-41f5-98f3-19dfaa687f3f,SUPPORTS_KNOWLEDGE,,0.7699,
SC6219,http://data.europa.eu/esco/skill/33d49d4f-31ec-473f-9b8a-b555aa5116bb,SUPPORTS_KNOWLEDGE,,0.7635,
SC6219,http://data.europa.eu/esco/skill/b8c01891-e3df-4a4b-948d-95b45e1788f5,SUPPORTS_KNOWLEDGE,,0.7632,
SC6219,http://data.europa.eu/esco/skill/af7ae54f-4649-4c16-87c7-59ba41d4d57f,SUPPORTS_KNOWLEDGE,,0.6218,
SC6219,http://data.europa.eu/esco/skill/24c200e5-be20-4370-a137-ab53797f3a17,SUPPORTS_KNOWLEDGE,,0.6189,
SC6219,http://data.europa.eu/esco/skill/96eb286a-58b7-45ff-a916-5578d0b79b8c,SUPPORTS_KNOWLEDGE,,0.5809,
SC6219,http://data.europa.eu/esco/skill/ed1d8bd4-cd2a-4c64-b665-56d70651026c,SUPPORTS_KNOWLEDGE,,0.566,
SC6219,http://data.europa.eu/esco/skill/5be3d306-6cf1-4b49-aa1d-01651dd4ba4c,SUPPORTS_KNOWLEDGE,,0.5476,
SC6219,http://data.europa.eu/esco/skill/f0de4973-0a70-4644-8fd4-3a97080476f4,SUPPORTS_KNOWLEDGE,,0.5261,
SC6219,http://data.europa.eu/esco/skill/b011c8b4-76e1-4bbc-8bb9-1d205e7b618a,SUPPORTS_KNOWLEDGE,,0.511,
SC6220,http://data.europa.eu/esco/skill/bec4359e-cb92-468f-a997-8fb28e32fba9,SUPPORTS_KNOWLEDGE,,0.8539,
SC6220,http://data.europa.eu/esco/skill/7111b95d-0ce3-441a-9d92-4c75d05c4388,SUPPORTS_KNOWLEDGE,,0.8268,
SC6220,http://data.europa.eu/esco/skill/93e65de1-923c-437e-aa5b-e6002967ce71,SUPPORTS_KNOWLEDGE,,0.8104,
SC6220,http://data.europa.eu/esco/skill/d6d3fee7-47e2-47f4-a0ec-6c75f28c6abd,SUPPORTS_KNOWLEDGE,,0.7344,
SC6220,http://data.europa.eu/esco/skill/94dd823c-148e-4614-a6e8-99249b16357d,SUPPORTS_KNOWLEDGE,,0.6641,
SC6220,http://data.europa.eu/esco/skill/b16200f4-4f39-4b8b-aa9d-3568054d6bdb,SUPPORTS_KNOWLEDGE,,0.6515,
SC6220,http://data.europa.eu/esco/skill/0ffdb6ac-03b5-4f1c-bfcc-3d9cb874fdf9,SUPPORTS_KNOWLEDGE,,0.636,
SC6220,http://data.europa.eu/esco/skill/cef5c0f8-1e40-4c09-b6a7-aa7811849e5d,SUPPORTS_KNOWLEDGE,,0.6278,
SC6220,http://data.europa.eu/esco/skill/9ce670ec-318c-4a91-9179-03437db728dc,SUPPORTS_KNOWLEDGE,,0.6184,
SC6221,http://data.europa.eu/esco/skill/e464363b-8346-421d-9035-52118b76d8c8,SUPPORTS_KNOWLEDGE,,0.8591,
SC6221,http://data.europa.eu/esco/skill/9ce670ec-318c-4a91-9179-03437db728dc,SUPPORTS_KNOWLEDGE,,0.8085,
SC6221,http://data.europa.eu/esco/skill/68ef0e4d-5542-4e64-84f4-752cce5a3c22,SUPPORTS_KNOWLEDGE,,0.7245,
SC6221,http://data.europa.eu/esco/skill/8ff015a0-98ea-4d80-a23e-1f68110a919e,SUPPORTS_KNOWLEDGE,,0.7126,
SC6221,http://data.europa.eu/esco/skill/24c200e5-be20-4370-a137-ab53797f3a17,SUPPORTS_KNOWLEDGE,,0.6851,
SC6221,http://data.europa.eu/esco/skill/bec4359e-cb92-468f-a997-8fb28e32fba9,SUPPORTS_KNOWLEDGE,,0.6671,
SC6221,http://data.europa.eu/esco/skill/8b0f73ff-d36b-4196-bb83-464c3a6ef07d,SUPPORTS_KNOWLEDGE,,0.6644,
SC6221,http://data.europa.eu/esco/skill/2450c3b3-e78e-435b-b84d-e05d984e71dc,SUPPORTS_KNOWLEDGE,,0.6617,
SC6221,http://data.europa.eu/esco/skill/5b26f08b-88bc-45f0-b901-530d7786466b,SUPPORTS_KNOWLEDGE,,0.6602,
SC6221,http://data.europa.eu/esco/skill/fb7aee4d-f6c6-4a87-8e9d-8e542b3771f8,SUPPORTS_KNOWLEDGE,,0.6547,
SC6222,http://data.europa.eu/esco/skill/dba46f87-0831-49cd-a1c7-340a653c0221,SUPPORTS_KNOWLEDGE,,0.81,
SC6222,http://data.europa.eu/esco/skill/96eb286a-58b7-45ff-a916-5578d0b79b8c,SUPPORTS_KNOWLEDGE,,0.7858,
SC6222,http://data.europa.eu/esco/skill/ed1d8bd4-cd2a-4c64-b665-56d70651026c,SUPPORTS_KNOWLEDGE,,0.7822,
SC6222,http://data.europa.eu/esco/skill/6a876489-7ad8-4a13-b09c-c9b8e97a302e,SUPPORTS_KNOWLEDGE,,0.7335,
SC6222,http://data.europa.eu/esco/skill/8ff015a0-98ea-4d80-a23e-1f68110a919e,SUPPORTS_KNOWLEDGE,,0.6829,
SC6222,http://data.europa.eu/esco/skill/00c04e40-35ea-4ed1-824c-82f936c8f876,SUPPORTS_KNOWLEDGE,,0.6599,
SC6222,http://data.europa.eu/esco/skill/83218cac-3599-417e-93d2-26013cdccd98,SUPPORTS_KNOWLEDGE,,0.6587,
SC6222,http://data.europa.eu/esco/skill/33d49d4f-31ec-473f-9b8a-b555aa5116bb,SUPPORTS_KNOWLEDGE,,0.6258,
SC6222,http://data.europa.eu/esco/skill/4840338b-ac6c-486a-be1d-9ddfe00b8bdf,SUPPORTS_KNOWLEDGE,,0.6011,
SC6222,http://data.europa.eu/esco/skill/c4b626c1-e71c-44ec-9f88-042766f37fcc,SUPPORTS_KNOWLEDGE,,0.5738,
SC6223,http://data.europa.eu/esco/skill/e464363b-8346-421d-9035-52118b76d8c8,SUPPORTS_KNOWLEDGE,,0.8211,
SC6223,http://data.europa.eu/esco/skill/8b0f73ff-d36b-4196-bb83-464c3a6ef07d,SUPPORTS_KNOWLEDGE,,0.7856,
SC6223,http://data.europa.eu/esco/skill/5b26f08b-88bc-45f0-b901-530d7786466b,SUPPORTS_KNOWLEDGE,,0.6879,
SC6223,http://data.europa.eu/esco/skill/7b5cce4d-c7fe-4119-b48f-70aa05391787,SUPPORTS_KNOWLEDGE,,0.6847,
SC6223,http://data.europa.eu/esco/skill/21d2f96d-35f7-4e3f-9745-c533d2dd6e97,SUPPORTS_KNOWLEDGE,,0.6834,
SC6223,http://data.europa.eu/esco/skill/7ee4c2ea-b349-4bd2-81a3-ec31475d4833,SUPPORTS_KNOWLEDGE,,0.6156,
SC6223,http://data.europa.eu/esco/skill/7b0d5000-00da-4864-b776-6de49a87a669,SUPPORTS_KNOWLEDGE,,0.5911,
SC6223,http://data.europa.eu/esco/skill/fafe0b9d-dbd9-46bd-b770-26299539ce66,SUPPORTS_KNOWLEDGE,,0.5824,
SC6223,http://data.europa.eu/esco/skill/45f1ae17-c20d-40fc-9307-7d33b6ca9213,SUPPORTS_KNOWLEDGE,,0.5742,
SC6223,http://data.europa.eu/esco/skill/5be3d306-6cf1-4b49-aa1d-01651dd4ba4c,SUPPORTS_KNOWLEDGE,,0.5703,
SC6224,http://data.europa.eu/esco/skill/3e23db60-0c3d-498a-a6ac-ffbed0ecb033,SUPPORTS_KNOWLEDGE,,0.7997,
SC6224,http://data.europa.eu/esco/skill/9b9de2a4-d8af-4a7b-933a-a8334ae60067,SUPPORTS_KNOWLEDGE,,0.7989,
SC6224,http://data.europa.eu/esco/skill/8696aff0-18c0-4ba6-a4d0-9a21861b3e5e,SUPPORTS_KNOWLEDGE,,0.6288,
SC6224,http://data.europa.eu/esco/skill/8369ede5-4200-4a44-be2e-bc60ef959259,SUPPORTS_KNOWLEDGE,,0.5801,
SC6224,http://data.europa.eu/esco/skill/8c88d336-c249-4537-b26e-d679a85c4b9b,SUPPORTS_KNOWLEDGE,,0.5212,
SC6224,http://data.europa.eu/esco/skill/c2999f0c-eb37-4cdf-b9b0-82107b628794,SUPPORTS_KNOWLEDGE,,0.5191,
SC6224,http://data.europa.eu/esco/skill/5608d5a0-6d5e-43b7-be37-616501729bb4,SUPPORTS_KNOWLEDGE,,0.5115,
SC6224,http://data.europa.eu/esco/skill/33e584f9-ff7a-4979-bfc0-5a3a374a145a,SUPPORTS_KNOWLEDGE,,0.5086,
SC6224,http://data.europa.eu/esco/skill/af7ae54f-4649-4c16-87c7-59ba41d4d57f,SUPPORTS_KNOWLEDGE,,0.4902,
SC6224,http://data.europa.eu/esco/skill/03ff0d53-573a-47a0-a0ad-1995815a4339,SUPPORTS_KNOWLEDGE,,0.4757,
SC6228,http://data.europa.eu/esco/skill/bec4359e-cb92-468f-a997-8fb28e32fba9,SUPPORTS_KNOWLEDGE,,0.8211,
SC6228,http://data.europa.eu/esco/skill/d5a59ca8-2e91-472e-8571-d12ce4478679,SUPPORTS_KNOWLEDGE,,0.6992,
SC6228,http://data.europa.eu/esco/skill/94dd823c-148e-4614-a6e8-99249b16357d,SUPPORTS_KNOWLEDGE,,0.6874,
SC6228,http://data.europa.eu/esco/skill/0a9acb6b-1139-4be9-b431-3a80a959f2f4,SUPPORTS_KNOWLEDGE,,0.6533,
SC6228,http://data.europa.eu/esco/skill/da6393d5-a53c-4863-abc7-51f36281d74e,SUPPORTS_KNOWLEDGE,,0.6284,
SC6228,http://data.europa.eu/esco/skill/98a1dec3-8138-4f46-a596-5e2a83b884b9,SUPPORTS_KNOWLEDGE,,0.6241,
SC6228,http://data.europa.eu/esco/skill/ec6df9cb-be92-4027-80fa-83b70aabce58,SUPPORTS_KNOWLEDGE,,0.5842,
SC6228,http://data.europa.eu/esco/skill/89f6560b-2194-45c9-9ece-d33049a73eef,SUPPORTS_KNOWLEDGE,,0.5805,
SC6228,http://data.europa.eu/esco/skill/e9575f7f-053a-439e-8074-f93df3334e92,SUPPORTS_KNOWLEDGE,,0.5658,
SC6228,http://data.europa.eu/esco/skill/0ffdb6ac-03b5-4f1c-bfcc-3d9cb874fdf9,SUPPORTS_KNOWLEDGE,,0.5274,
SC6232,http://data.europa.eu/esco/skill/89f6560b-2194-45c9-9ece-d33049a73eef,SUPPORTS_KNOWLEDGE,,0.832,
SC6232,http://data.europa.eu/esco/skill/ed1d8bd4-cd2a-4c64-b665-56d70651026c,SUPPORTS_KNOWLEDGE,,0.769,
SC6232,http://data.europa.eu/esco/skill/00c04e40-35ea-4ed1-824c-82f936c8f876,SUPPORTS_KNOWLEDGE,,0.7099,
SC6232,http://data.europa.eu/esco/skill/6014921e-1d25-4039-adc2-04852d61880e,SUPPORTS_KNOWLEDGE,,0.6706,
SC6232,http://data.europa.eu/esco/skill/83218cac-3599-417e-93d2-26013cdccd98,SUPPORTS_KNOWLEDGE,,0.6698,
SC6232,http://data.europa.eu/esco/skill/5b26f08b-88bc-45f0-b901-530d7786466b,SUPPORTS_KNOWLEDGE,,0.6352,
SC6232,http://data.europa.eu/esco/skill/8ff015a0-98ea-4d80-a23e-1f68110a919e,SUPPORTS_KNOWLEDGE,,0.6181,
SC6232,http://data.europa.eu/esco/skill/925463a7-d51f-4d5b-9f79-4d28cf30acde,SUPPORTS_KNOWLEDGE,,0.5781,
SC6232,http://data.europa.eu/esco/skill/123cf7c5-6a3b-419d-be4f-49a6cc020f9f,SUPPORTS_KNOWLEDGE,,0.5527,
SC6232,http://data.europa.eu/esco/skill/dba46f87-0831-49cd-a1c7-340a653c0221,SUPPORTS_KNOWLEDGE,,0.5351,
SC6234,http://data.europa.eu/esco/skill/2ddb1226-1117-4eb4-ae65-3a2f5a5a3c80,SUPPORTS_KNOWLEDGE,,0.8042,
SC6234,http://data.europa.eu/esco/skill/3ff589b7-68df-4ea5-ae41-b395bdb2378f,SUPPORTS_KNOWLEDGE,,0.7417,
SC6234,http://data.europa.eu/esco/skill/0ffdb6ac-03b5-4f1c-bfcc-3d9cb874fdf9,SUPPORTS_KNOWLEDGE,,0.6253,
SC6234,http://data.europa.eu/esco/skill/8b0f73ff-d36b-4196-bb83-464c3a6ef07d,SUPPORTS_KNOWLEDGE,,0.5728,
SC6234,http://data.europa.eu/esco/skill/7814e88f-c133-4c3b-b27f-857afa145d42,SUPPORTS_KNOWLEDGE,,0.546,
SC6234,http://data.europa.eu/esco/skill/7f2afce6-e98b-4bbe-8441-d52b45e28ab8,SUPPORTS_KNOWLEDGE,,0.5094,
SC6234,http://data.europa.eu/esco/skill/ccdbd9bb-4faf-403c-a968-e8bf487f8a53,SUPPORTS_KNOWLEDGE,,0.5066,
SC6234,http://data.europa.eu/esco/skill/902fb91c-3113-4004-9b4f-79aa86b638b7,SUPPORTS_KNOWLEDGE,,0.5058,
SC6234,http://data.europa.eu/esco/skill/d6d3fee7-47e2-47f4-a0ec-6c75f28c6abd,SUPPORTS_KNOWLEDGE,,0.4975,
SC6236,http://data.europa.eu/esco/skill/e9575f7f-053a-439e-8074-f93df3334e92,SUPPORTS_KNOWLEDGE,,0.876,
SC6236,http://data.europa.eu/esco/skill/edebd83d-35f6-4ed5-a940-6c203d178c01,SUPPORTS_KNOWLEDGE,,0.8471,
SC6236,http://data.europa.eu/esco/skill/0ffdb6ac-03b5-4f1c-bfcc-3d9cb874fdf9,SUPPORTS_KNOWLEDGE,,0.6991,
SC6236,http://data.europa.eu/esco/skill/5b26f08b-88bc-45f0-b901-530d7786466b,SUPPORTS_KNOWLEDGE,,0.631,
SC6236,http://data.europa.eu/esco/skill/7ee4c2ea-b349-4bd2-81a3-ec31475d4833,SUPPORTS_KNOWLEDGE,,0.6172,
SC6236,http://data.europa.eu/esco/skill/fecf8a0d-62c4-4e71-9b03-0f4fc2ad7bf5,SUPPORTS_KNOWLEDGE,,0.6102,
SC6236,http://data.europa.eu/esco/skill/45f1ae17-c20d-40fc-9307-7d33b6ca9213,SUPPORTS_KNOWLEDGE,,0.6049,
SC6236,http://data.europa.eu/esco/skill/7b5cce4d-c7fe-4119-b48f-70aa05391787,SUPPORTS_KNOWLEDGE,,0.6035,
SC6236,http://data.europa.eu/esco/skill/cef5c0f8-1e40-4c09-b6a7-aa7811849e5d,SUPPORTS_KNOWLEDGE,,0.5903,
SC6237,http://data.europa.eu/esco/skill/7111b95d-0ce3-441a-9d92-4c75d05c4388,SUPPORTS_KNOWLEDGE,,0.8489,
SC6237,http://data.europa.eu/esco/skill/edebd83d-35f6-4ed5-a940-6c203d178c01,SUPPORTS_KNOWLEDGE,,0.6655,
SC6237,http://data.europa.eu/esco/skill/94dd823c-148e-4614-a6e8-99249b16357d,SUPPORTS_KNOWLEDGE,,0.662,
SC6237,http://data.europa.eu/esco/skill/cdd8b6b2-2fd9-453c-8d62-8a1dc6efcd49,SUPPORTS_KNOWLEDGE,,0.6598,
SC6237,http://data.europa.eu/esco/skill/98a1dec3-8138-4f46-a596-5e2a83b884b9,SUPPORTS_KNOWLEDGE,,0.6544,
SC6237,http://data.europa.eu/esco/skill/fecf8a0d-62c4-4e71-9b03-0f4fc2ad7bf5,SUPPORTS_KNOWLEDGE,,0.597,
SC6237,http://data.europa.eu/esco/skill/397da142-ab35-48fe-b154-7c38f447adfb,SUPPORTS_KNOWLEDGE,,0.5877,
SC6237,http://data.europa.eu/esco/skill/7b5cce4d-c7fe-4119-b48f-70aa05391787,SUPPORTS_KNOWLEDGE,,0.5687,
SC6237,http://data.europa.eu/esco/skill/5b26f08b-88bc-45f0-b901-530d7786466b,SUPPORTS_KNOWLEDGE,,0.5622,
SC6237,http://data.europa.eu/esco/skill/dba46f87-0831-49cd-a1c7-340a653c0221,SUPPORTS_KNOWLEDGE,,0.5414,
SC6239,http://data.europa.eu/esco/skill/7111b95d-0ce3-441a-9d92-4c75d05c4388,SUPPORTS_KNOWLEDGE,,0.8364,
SC6239,http://data.europa.eu/esco/skill/bec4359e-cb92-468f-a997-8fb28e32fba9,SUPPORTS_KNOWLEDGE,,0.8234,
SC6239,http://data.europa.eu/esco/skill/5b26f08b-88bc-45f0-b901-530d7786466b,SUPPORTS_KNOWLEDGE,,0.6755,
SC6239,http://data.europa.eu/esco/skill/94dd823c-148e-4614-a6e8-99249b16357d,SUPPORTS_KNOWLEDGE,,0.657,
SC6239,http://data.europa.eu/esco/skill/9ce670ec-318c-4a91-9179-03437db728dc,SUPPORTS_KNOWLEDGE,,0.6379,
SC6239,http://data.europa.eu/esco/skill/89f6560b-2194-45c9-9ece-d33049a73eef,SUPPORTS_KNOWLEDGE,,0.6297,
SC6239,http://data.europa.eu/esco/skill/93e65de1-923c-437e-aa5b-e6002967ce71,SUPPORTS_KNOWLEDGE,,0.6027,
SC6239,http://data.europa.eu/esco/skill/fb7aee4d-f6c6-4a87-8e9d-8e542b3771f8,SUPPORTS_KNOWLEDGE,,0.5866,
SC6239,http://data.europa.eu/esco/skill/e9575f7f-053a-439e-8074-f93df3334e92,SUPPORTS_KNOWLEDGE,,0.5708,
SC6239,http://data.europa.eu/esco/skill/9d2e926f-53d9-41f5-98f3-19dfaa687f3f,SUPPORTS_KNOWLEDGE,,0.547,
SC6240,http://data.europa.eu/esco/skill/3ff589b7-68df-4ea5-ae41-b395bdb2378f,SUPPORTS_KNOWLEDGE,,0.7768,
SC6240,http://data.europa.eu/esco/skill/b105ec9b-0857-41d6-8d07-a83e58b73d90,SUPPORTS_KNOWLEDGE,,0.7268,
SC6240,http://data.europa.eu/esco/skill/5b26f08b-88bc-45f0-b901-530d7786466b,SUPPORTS_KNOWLEDGE,,0.7007,
SC6240,http://data.europa.eu/esco/skill/33e584f9-ff7a-4979-bfc0-5a3a374a145a,SUPPORTS_KNOWLEDGE,,0.6396,
SC6240,http://data.europa.eu/esco/skill/bec4359e-cb92-468f-a997-8fb28e32fba9,SUPPORTS_KNOWLEDGE,,0.6289,
SC6240,http://data.europa.eu/esco/skill/e464363b-8346-421d-9035-52118b76d8c8,SUPPORTS_KNOWLEDGE,,0.6219,
SC6240,http://data.europa.eu/esco/skill/cdd8b6b2-2fd9-453c-8d62-8a1dc6efcd49,SUPPORTS_KNOWLEDGE,,0.5993,
SC6240,http://data.europa.eu/esco/skill/397da142-ab35-48fe-b154-7c38f447adfb,SUPPORTS_KNOWLEDGE,,0.5624,
SC6240,http://data.europa.eu/esco/skill/ed3f3dba-3a35-4ed5-b113-67f4d10ef4c8,SUPPORTS_KNOWLEDGE,,0.5583,
SC6241,http://data.europa.eu/esco/skill/85f46538-ae70-498a-bfbc-b8ddafe96c7d,SUPPORTS_KNOWLEDGE,,0.7985,
SC6241,http://data.europa.eu/esco/skill/9d2e926f-53d9-41f5-98f3-19dfaa687f3f,SUPPORTS_KNOWLEDGE,,0.6413,
SC6241,http://data.europa.eu/esco/skill/fb7aee4d-f6c6-4a87-8e9d-8e542b3771f8,SUPPORTS_KNOWLEDGE,,0.641,
SC6241,http://data.europa.eu/esco/skill/f0de4973-0a70-4644-8fd4-3a97080476f4,SUPPORTS_KNOWLEDGE,,0.633,
SC6241,http://data.europa.eu/esco/skill/93e65de1-923c-437e-aa5b-e6002967ce71,SUPPORTS_KNOWLEDGE,,0.627,
SC6241,http://data.europa.eu/esco/skill/8ff015a0-98ea-4d80-a23e-1f68110a919e,SUPPORTS_KNOWLEDGE,,0.6031,
SC6241,http://data.europa.eu/esco/skill/327d15c8-29ff-4ad4-a4fe-6536d777a45f,SUPPORTS_KNOWLEDGE,,0.6,
SC6241,http://data.europa.eu/esco/skill/98301d4a-2cc3-439d-8d7f-0b6ac76302bb,SUPPORTS_KNOWLEDGE,,0.5985,
SC6241,http://data.europa.eu/esco/skill/9ce670ec-318c-4a91-9179-03437db728dc,SUPPORTS_KNOWLEDGE,,0.5749,
SC6241,http://data.europa.eu/esco/skill/3ff589b7-68df-4ea5-ae41-b395bdb2378f,SUPPORTS_KNOWLEDGE,,0.5618,
SC6244,http://data.europa.eu/esco/skill/edebd83d-35f6-4ed5-a940-6c203d178c01,SUPPORTS_KNOWLEDGE,,0.852,
SC6244,http://data.europa.eu/esco/skill/e464363b-8346-421d-9035-52118b76d8c8,SUPPORTS_KNOWLEDGE,,0.7611,
SC6244,http://data.europa.eu/esco/skill/45f1ae17-c20d-40fc-9307-7d33b6ca9213,SUPPORTS_KNOWLEDGE,,0.6654,
SC6244,http://data.europa.eu/esco/skill/68ef0e4d-5542-4e64-84f4-752cce5a3c22,SUPPORTS_KNOWLEDGE,,0.6461,
SC6244,http://data.europa.eu/esco/skill/5b26f08b-88bc-45f0-b901-530d7786466b,SUPPORTS_KNOWLEDGE,,0.6434,
SC6244,http://data.europa.eu/esco/skill/ecc4552a-92c5-4222-b18d-faf5ac841080,SUPPORTS_KNOWLEDGE,,0.6142,
SC6244,http://data.europa.eu/esco/skill/7b0d5000-00da-4864-b776-6de49a87a669,SUPPORTS_KNOWLEDGE,,0.6139,
SC6244,http://data.europa.eu/esco/skill/5608d5a0-6d5e-43b7-be37-616501729bb4,SUPPORTS_KNOWLEDGE,,0.6032,
SC6244,http://data.europa.eu/esco/skill/7b5cce4d-c7fe-4119-b48f-70aa05391787,SUPPORTS_KNOWLEDGE,,0.5932,
SC6260,http://data.europa.eu/esco/skill/e9575f7f-053a-439e-8074-f93df3334e92,SUPPORTS_KNOWLEDGE,,0.8183,
SC6260,http://data.europa.eu/esco/skill/bec4359e-cb92-468f-a997-8fb28e32fba9,SUPPORTS_KNOWLEDGE,,0.7413,
SC6260,http://data.europa.eu/esco/skill/94dd823c-148e-4614-a6e8-99249b16357d,SUPPORTS_KNOWLEDGE,,0.7078,
SC6260,http://data.europa.eu/esco/skill/5b26f08b-88bc-45f0-b901-530d7786466b,SUPPORTS_KNOWLEDGE,,0.6341,
SC6260,http://data.europa.eu/esco/skill/cef5c0f8-1e40-4c09-b6a7-aa7811849e5d,SUPPORTS_KNOWLEDGE,,0.6055,
SC6260,http://data.europa.eu/esco/skill/33e584f9-ff7a-4979-bfc0-5a3a374a145a,SUPPORTS_KNOWLEDGE,,0.5483,
SC6260,http://data.europa.eu/esco/skill/89f6560b-2194-45c9-9ece-d33049a73eef,SUPPORTS_KNOWLEDGE,,0.5403,
SC6260,http://data.europa.eu/esco/skill/f0de4973-0a70-4644-8fd4-3a97080476f4,SUPPORTS_KNOWLEDGE,,0.5381,
SC6260,http://data.europa.eu/esco/skill/edebd83d-35f6-4ed5-a940-6c203d178c01,SUPPORTS_KNOWLEDGE,,0.5237,
SC6261,http://data.europa.eu/esco/skill/5b26f08b-88bc-45f0-b901-530d7786466b,SUPPORTS_KNOWLEDGE,,0.7675,
SC6261,http://data.europa.eu/esco/skill/348b74cd-49ce-4844-8bdf-ec188b497213,SUPPORTS_KNOWLEDGE,,0.7251,
SC6261,http://data.europa.eu/esco/skill/8369ede5-4200-4a44-be2e-bc60ef959259,SUPPORTS_KNOWLEDGE,,0.7244,
SC6261,http://data.europa.eu/esco/skill/7b0d5000-00da-4864-b776-6de49a87a669,SUPPORTS_KNOWLEDGE,,0.7193,
SC6261,http://data.europa.eu/esco/skill/0ffdb6ac-03b5-4f1c-bfcc-3d9cb874fdf9,SUPPORTS_KNOWLEDGE,,0.6632,
SC6261,http://data.europa.eu/esco/skill/8ff015a0-98ea-4d80-a23e-1f68110a919e,SUPPORTS_KNOWLEDGE,,0.6327,
SC6261,http://data.europa.eu/esco/skill/89f6560b-2194-45c9-9ece-d33049a73eef,SUPPORTS_KNOWLEDGE,,0.6114,
SC6261,http://data.europa.eu/esco/skill/33e584f9-ff7a-4979-bfc0-5a3a374a145a,SUPPORTS_KNOWLEDGE,,0.5899,
SC6261,http://data.europa.eu/esco/skill/5be3d306-6cf1-4b49-aa1d-01651dd4ba4c,SUPPORTS_KNOWLEDGE,,0.5643,
SC6261,http://data.europa.eu/esco/skill/e9575f7f-053a-439e-8074-f93df3334e92,SUPPORTS_KNOWLEDGE,,0.5639,
SC6263,http://data.europa.eu/esco/skill/7111b95d-0ce3-441a-9d92-4c75d05c4388,SUPPORTS_KNOWLEDGE,,0.8238,
SC6263,http://data.europa.eu/esco/skill/93e65de1-923c-437e-aa5b-e6002967ce71,SUPPORTS_KNOWLEDGE,,0.7585,
SC6263,http://data.europa.eu/esco/skill/9b9de2a4-d8af-4a7b-933a-a8334ae60067,SUPPORTS_KNOWLEDGE,,0.6571,
SC6263,http://data.europa.eu/esco/skill/8c88d336-c249-4537-b26e-d679a85c4b9b,SUPPORTS_KNOWLEDGE,,0.6524,
SC6263,http://data.europa.eu/esco/skill/8696aff0-18c0-4ba6-a4d0-9a21861b3e5e,SUPPORTS_KNOWLEDGE,,0.6286,
SC6263,http://data.europa.eu/esco/skill/ed1d8bd4-cd2a-4c64-b665-56d70651026c,SUPPORTS_KNOWLEDGE,,0.6268,
SC6263,http://data.europa.eu/esco/skill/f0de4973-0a70-4644-8fd4-3a97080476f4,SUPPORTS_KNOWLEDGE,,0.5979,
SC6263,http://data.europa.eu/esco/skill/7159e587-c7cb-4ec0-a662-03e1dee2cccb,SUPPORTS_KNOWLEDGE,,0.5759,
SC6263,http://data.europa.eu/esco/skill/ccdbd9bb-4faf-403c-a968-e8bf487f8a53,SUPPORTS_KNOWLEDGE,,0.5674,
SC6263,http://data.europa.eu/esco/skill/ec6df9cb-be92-4027-80fa-83b70aabce58,SUPPORTS_KNOWLEDGE,,0.5265,
SC6265,http://data.europa.eu/esco/skill/21d2f96d-35f7-4e3f-9745-c533d2dd6e97,SUPPORTS_KNOWLEDGE,,0.7686,
SC6265,http://data.europa.eu/esco/skill/6014921e-1d25-4039-adc2-04852d61880e,SUPPORTS_KNOWLEDGE,,0.7113,
SC6265,http://data.europa.eu/esco/skill/5be3d306-6cf1-4b49-aa1d-01651dd4ba4c,SUPPORTS_KNOWLEDGE,,0.5612,
SC6265,http://data.europa.eu/esco/skill/ed1d8bd4-cd2a-4c64-b665-56d70651026c,SUPPORTS_KNOWLEDGE,,0.5355,
SC6265,http://data.europa.eu/esco/skill/45f1ae17-c20d-40fc-9307-7d33b6ca9213,SUPPORTS_KNOWLEDGE,,0.5319,
SC6265,http://data.europa.eu/esco/skill/42ed3bfb-1a01-4c8b-9758-fc6438865734,SUPPORTS_KNOWLEDGE,,0.5181,
SC6265,http://data.europa.eu/esco/skill/013441c1-1f13-47e9-80c4-9a53e8e1bc05,SUPPORTS_KNOWLEDGE,,0.5171,
SC6265,http://data.europa.eu/esco/skill/58d7a289-dafd-4363-833f-d1dc4140885e,SUPPORTS_KNOWLEDGE,,0.5138,
SC6266,http://data.europa.eu/esco/skill/ed1d8bd4-cd2a-4c64-b665-56d70651026c,SUPPORTS_KNOWLEDGE,,0.7525,
SC6266,http://data.europa.eu/esco/skill/013441c1-1f13-47e9-80c4-9a53e8e1bc05,SUPPORTS_KNOWLEDGE,,0.6074,
SC6266,http://data.europa.eu/esco/skill/dba46f87-0831-49cd-a1c7-340a653c0221,SUPPORTS_KNOWLEDGE,,0.5778,
SC6266,http://data.europa.eu/esco/skill/925463a7-d51f-4d5b-9f79-4d28cf30acde,SUPPORTS_KNOWLEDGE,,0.5745,
SC6266,http://data.europa.eu/esco/skill/8ff015a0-98ea-4d80-a23e-1f68110a919e,SUPPORTS_KNOWLEDGE,,0.5689,
SC6266,http://data.europa.eu/esco/skill/21d2f96d-35f7-4e3f-9745-c533d2dd6e97,SUPPORTS_KNOWLEDGE,,0.5584,
SC6266,http://data.europa.eu/esco/skill/c453cf81-6197-428e-84c6-70c773b63f27,SUPPORTS_KNOWLEDGE,,0.5561,
SC6266,http://data.europa.eu/esco/skill/24c200e5-be20-4370-a137-ab53797f3a17,SUPPORTS_KNOWLEDGE,,0.5281,
SC6266,http://data.europa.eu/esco/skill/83218cac-3599-417e-93d2-26013cdccd98,SUPPORTS_KNOWLEDGE,,0.5241,
SC6267,http://data.europa.eu/esco/skill/bec4359e-cb92-468f-a997-8fb28e32fba9,SUPPORTS_KNOWLEDGE,,0.851,
SC6267,http://data.europa.eu/esco/skill/e9575f7f-053a-439e-8074-f93df3334e92,SUPPORTS_KNOWLEDGE,,0.8319,
SC6267,http://data.europa.eu/esco/skill/7111b95d-0ce3-441a-9d92-4c75d05c4388,SUPPORTS_KNOWLEDGE,,0.7942,
SC6267,http://data.europa.eu/esco/skill/94dd823c-148e-4614-a6e8-99249b16357d,SUPPORTS_KNOWLEDGE,,0.75,
SC6267,http://data.europa.eu/esco/skill/327d15c8-29ff-4ad4-a4fe-6536d777a45f,SUPPORTS_KNOWLEDGE,,0.7349,
SC6267,http://data.europa.eu/esco/skill/9ce670ec-318c-4a91-9179-03437db728dc,SUPPORTS_KNOWLEDGE,,0.6539,
SC6267,http://data.europa.eu/esco/skill/9d2e926f-53d9-41f5-98f3-19dfaa687f3f,SUPPORTS_KNOWLEDGE,,0.6161,
SC6267,http://data.europa.eu/esco/skill/5b26f08b-88bc-45f0-b901-530d7786466b,SUPPORTS_KNOWLEDGE,,0.6111,
SC6267,http://data.europa.eu/esco/skill/8696aff0-18c0-4ba6-a4d0-9a21861b3e5e,SUPPORTS_KNOWLEDGE,,0.5861,
SC6267,http://data.europa.eu/esco/skill/ccdbd9bb-4faf-403c-a968-e8bf487f8a53,SUPPORTS_KNOWLEDGE,,0.5772,
SC6268,http://data.europa.eu/esco/skill/cdd8b6b2-2fd9-453c-8d62-8a1dc6efcd49,SUPPORTS_KNOWLEDGE,,0.8362,
SC6268,http://data.europa.eu/esco/skill/327d15c8-29ff-4ad4-a4fe-6536d777a45f,SUPPORTS_KNOWLEDGE,,0.8317,
SC6268,http://data.europa.eu/esco/skill/98a1dec3-8138-4f46-a596-5e2a83b884b9,SUPPORTS_KNOWLEDGE,,0.7405,
SC6268,http://data.europa.eu/esco/skill/33e584f9-ff7a-4979-bfc0-5a3a374a145a,SUPPORTS_KNOWLEDGE,,0.622,
SC6268,http://data.europa.eu/esco/skill/cef5c0f8-1e40-4c09-b6a7-aa7811849e5d,SUPPORTS_KNOWLEDGE,,0.6108,
SC6268,http://data.europa.eu/esco/skill/bd698bbe-7003-4508-b422-46c2ff4d5e95,SUPPORTS_KNOWLEDGE,,0.6068,
SC6268,http://data.europa.eu/esco/skill/83218cac-3599-417e-93d2-26013cdccd98,SUPPORTS_KNOWLEDGE,,0.6021,
SC6268,http://data.europa.eu/esco/skill/7111b95d-0ce3-441a-9d92-4c75d05c4388,SUPPORTS_KNOWLEDGE,,0.5872,
SC6268,http://data.europa.eu/esco/skill/123cf7c5-6a3b-419d-be4f-49a6cc020f9f,SUPPORTS_KNOWLEDGE,,0.571,
SC6268,http://data.europa.eu/esco/skill/09f2f811-a3fb-4de3-a70f-6420a6935575,SUPPORTS_KNOWLEDGE,,0.5671,
